a+;strongsubj;positive
abaikan;strongsubj;negative
abnormal;strongsubj;negative
aborsi;strongsubj;negative
absurd;strongsubj;negative
acak;weaksubj;negative
acak-acakan;strongsubj;negative
acuh;strongsubj;negative
acungan;strongsubj;positive
ada;weaksubj;positive
adaptif;weaksubj;positive
adiktif;strongsubj;negative
adil;strongsubj;positive
afinitas;weaksubj;positive
afirmasi;weaksubj;positive
agilely;weaksubj;positive
agresi;weaksubj;negative
agresif;strongsubj;negative
agresor;weaksubj;negative
agung;strongsubj;positive
ahli;weaksubj;positive
ahlinya;weaksubj;positive
aib;strongsubj;negative
ajaib;strongsubj;positive
akal;weaksubj;positive
akhlaqul;strongsubjpositive;
aklamasi;weaksubj;positive
akomodatif;weaksubj;positive
aktif;weaksubj;positive
aktivasi;weaksubj;positive
akurat;strongsubj;positive
alam mimpi;strongsubj;positive
alarm;weaksubj;negative
alasan;weaksubj;negative
alay;strongsubj;negative
alergi;weaksubj;negative
alergik;weaksubj;negative
alhamdulillah;strongsubj;positive
allah;strongsubj;positive
allahu;weaksubj;positive
altruistis;weaksubj;positive
aman;strongsubj;positive
amanah;strongsubj;positive
amat;weaksubj;positive
ambigu;weaksubj;negative
ambisius;strongsubj;positive
ambivalen;weaksubj;negative
ambivalensi;weaksubj;negative
amin;strongsubj;positive
amoral;strongsubj;negative
amoralitas;strongsubj;negative
ampun;weaksubj;positive
ampunan;strongsubj;positive
ampuni;strongsubj;positive
amuk;strongsubj;negative
anak;weaksubj;positive
anarki;strongsubj;negative
anarkis;strongsubj;negative
anarkisme;strongsubj;negative
ancaman;strongsubj;negative
andal;weaksubj;positive
aneh;strongsubj;negative
anehnya;strongsubj;negative
anggapan;strongsubj;negative
anggun;strongsubj;positive
angkat;weaksubj;positive
angkuh;strongsubj;negative
anjay;strongsubj;negative
anjing;strongsubj;negative
anjir;strongsubj;negative
anjirr;weaksubj;negative
anjlok;strongsubj;negative
anomali;strongsubj;negative
antagonis;strongsubj;negative
antagonisme;strongsubj;negative
antek;strongsubj;negative
anti;strongsubj;negative
antipati;strongsubj;negative
antisosial;weaksubj;negative
antitesis;weaksubj;negative
antusias;weaksubj;positive
antusiasme;weaksubj;positive
apak;weaksubj;negative
apati;weaksubj;negative
apatis;strongsubj;negative
apek;weaksubj;negative
apik;weaksubj;positive
apokaliptik;strongsubj;negative
apresiasi;strongsubj;positive
argumentatif;weaksubj;negative
asam;weaksubj;negative
asap;strongsubj;negative
asem;weaksubj;negative
asing;strongsubj;negative
asli;weaksubj;positive
aspirasi;weaksubj;positive
assalamualaikum;weaksubj;positive
astaga;weaksubj;negative
asusila;strongsubjnegative;
asyik;strongsubj;positive
atas;weaksubj;positive
awas;weaksubj;negative
ayo;strongsubj;positive
babi;strongsubj;negative
badai;strongsubj;negative
bagos;weaksubj;positive
bagus;strongsubj;positive
bahagia;strongsubj;positive
bahagiakan;strongsubj;positive
bahaya;strongsubj;negative
baik;strongsubj;positive
baik-baik;strongsubj;positive
bajingan;strongsubj;negative
bakat;strongsubj;positive
bandel;strongsubj;negative
bandot;strongsubj;negative
banget;weaksubj;positive
bangga;strongsubj;positive
bangkit;strongsubj;positive
bangkrut;strongsubj;negative
bangsat;strongsubj;negative
bangun;weaksubj;positive
banjir;strongsubj;negative
bantingan;strongsubj;negative
bantuan;weaksubj;positive
banyak;weaksubj;positive
barbar;strongsubj;negative
baru;weaksubj;positive
basi;weaksubj;negative
bau;strongsubj;negative
bebal;strongsubj;negative
beban;strongsubj;negative
bebas;weaksubj;positive
begal;strongsubj;negative
bego;strongsubj;negative
bejat;strongsubj;negative
bekas;weaksubj;negative
bekerja;weaksubj;positive
beku;weaksubj;negative
belah;weaksubj;negative
belain;weaksubj;negative
belajar;strongsubj;positive
belakang;weaksubj;negative
belang;strongsubj;negative
benar;strongsubj;positive
benar-benar;strongsubj;positive
bencana;strongsubj;negative
benci;strongsubj;negative
bencong;strongsubj;negative
benderang;strongsubj;positive
bengah;strongsubj;negative
bengis;strongsubj;negative
bengkak;strongsubj;negative
bengkeng;strongsubj;negative
bengkok;weaksubj;negative
benjolan;strongsubj;negative
bentrokan;strongsubj;negative
bentrokin;strongsubj;negative
beracun;strongsubj;negative
beradaptasi;weaksubj;positive
berahi;strongsubj;negative
berakhir;strongsubj;negative
beralasan;weaksubj;positive
berang;strongsubj;negative
berani;strongsubj;positive
berantakan;strongsubj;negative
berantas;strongsubj;positive
berapi;weaksubj;positive
berarti;strongsubj;positive
berat;strongsubj;negative
berawan;weaksubj;negative
berbagi;strongsubj;positive
berbahaya;strongsubj;negative
berbaik;strongsubj;positive
berbakat;strongsubj;positive
berbatu-batu;strongsubj;negative
berbau;strongsubj;negative
berbeda;strongsubj;negative
berbelit;strongsubj;negative
berbelit-belit;strongsubj;negative
berbisa;strongsubj;negative
berbohong;weaksubj;negative
berbudi;strongsubj;positive
berbuih;strongsubj;negative
bercacat;weaksubj;positive
bercahaya;weaksubj;positive
bercanda;weaksubj;positive
bercerai;strongsubj;negative
bercita-cita;weaksubj;positive
berdalih;strongsubj;negative
berdarah;strongsubj;negative
berdaya;strongsubj;negative
berdebar;weaksubj;positive
berdebat;strongsubj;negative
berdebu;strongsubj;negative
berdedikasi;strongsubj;positive
berdengung;weaksubj;negative
berdenyut;strongsubj;negative
berdenyut-denyut;weaksubj;negative
berderak;strongsubj;negative
berderit;strongsubj;negative
berdetak;strongsubj;negative
berdikari;weaksubj;positive
berdokumen;strongsubj;negative
berdosa;strongsubj;negative
berduri;strongsubj;negative
berdusta;strongsubj;negative
berebut;strongsubj;negative
berempati;strongsubj;positive
bergairah;strongsubj;positive
bergaya;strongsubj;positive
bergelombang;weaksubj;negative
bergema;weaksubj;positive
bergembira;strongsubj;positive
bergeming;strongsubj;negative
bergengsi;strongsubj;positive
bergerak;weaksubj;positive
bergerigi;weaksubj;negative
bergetar;weaksubj;negative
bergizi;strongsubj;positive
bergolak;weaksubj;negative
bergulat;strongsubj;negative
berguna;strongsubj;positive
berhaluan;weaksubj;negative
berharga;strongsubj;positive
berhasil;strongsubj;positive
berhati-hati;weaksubj;positive
berhijab;strongsubj;positive
berhutang;weaksubj;positive
berikut;weaksubj;positive
beriman;strongsubj;positive
berimbang;strongsubj;positive
berisi;strongsubj;positive
berisiko;strongsubj;negative
beristirahat;weaksubj;positive
berjangkit;strongsubj;negative
berjanji;weaksubj;positive
berjasa;strongsubj;positive
berjaya;weaksubj;positive
berjenis;strongsubj;positive
berjuang;weaksubj;positive
berkarat;strongsubj;negative
berkat;weaksubj;positive
berkedip;strongsubj;negative
berkeinginan;weaksubj;positive
berkejut;strongsubj;negative
berkelakuan;weaksubj;positive
berkelanjutan;strongsubj;positive
berkembang;strongsubj;positive
berkeping-keping;strongsubj;negative
berkeras;strongsubj;negative
berkeringat;weaksubj;negative
berkerut;strongsubj;negative
berkeyakinan;weaksubj;positive
berkhayal;weaksubj;negative
berkilat;weaksubj;negative
berkilau;weaksubj;positive
berkilauan;weaksubj;positive
berkolusi;strongsubj;negative
berkonflik;strongsubj;negative
berkualitas;strongsubj;positive
berkubang;weaksubj;negative
berkurang;strongsubj;negative
berlebihan;strongsubj;negative
berlemak;strongsubj;negative
berlengah-lengah;strongsubj;negative
berlepotan;weaksubj;negative
berliku-liku;strongsubj;negative
berlimpah;strongsubj;positive
berlimpah-limpah;strongsubj;positive
berlumpur;strongsubj;negative
bermabuk;strongsubj;negative
bermabuk-mabukan;strongsubj;negative
bermaksud baik;strongsubj;positive
bermalas malasan;strongsubj;negative
bermanfaat;strongsubj;positive
bermanuver;weaksubj;positive
bermartabat;strongsubj;positive
bermasalah;strongsubj;negative
berminyak;weaksubj;negative
bermuram;strongsubj;negative
bermusuhan;strongsubj;negative
bermutu;weaksubj;positive
bernilai;weaksubj;positive
bernoda;strongsubj;negative
berongga;strongsubj;negative
berpendidikan;strongsubj;positive
berpengalaman;weaksubj;positive
berpengaruh;strongsubj;positive
berpengetahuan;strongsubj;positive
berperang;strongsubj;negative
berperasaan;strongsubj;positive
berperikemanusiaan;strongsubj;positive
berpijar;strongsubj;positive
berpura;strongsubj;negative
berpura-pura;strongsubj;negative
berputus asa;strongsubj;negative
bersaing;weaksubj;negative
bersakit;weaksubj;negative
bersalah;weaksubj;negative
bersama;weaksubj;positive
bersanding;weaksubj;negative
bersatu;strongsubj;positive
bersedia;weaksubj;positive
bersedih;weaksubj;negative
bersekongkol;strongsubj;negative
berselang;weaksubj;negative
berselisih;strongsubj;negative
bersemangat;strongsubj;positive
bersenandung;strongsubj;negative
bersenang-senang;weaksubj;positive
berserakan;strongsubj;negative
berseri;strongsubj;positive
bersetubuh;strongsubj;negative
bersih;strongsubj;positive
bersinar;strongsubj;positive
bersisik;strongsubj;negative
bersorak;strongsubj;positive
bersubsidi;weaksubj;positive
bersuka cita;weaksubj;positive
bersuka ria;strongsubj;positive
bersyarat;strongsubj;negative
bersyukur;strongsubj;positive
bertanggung;strongsubj;positive
bertekad;strongsubj;positive
bertekun;strongsubj;positive
bertele-tele;strongsubj;negative
bertengkar;strongsubj;negative
bertentangan;strongsubj;negative
berteriak;weaksubj;negative
berterima;strongsubj;positive
berterimakasih;strongsubj;positive
bertingkah;strongsubj;negative
bertujuan;weaksubj;positive
beruntung;strongsubj;positive
berusaha;strongsubj;positive
berwarna ria;weaksubj;positive
berwawasan;strongsubj;positive
besar;strongsubj;positive
biadab;strongsubj;negative
bias;weaksubj;negative
biasa;weaksubj;positive
bid'ah;strongsubj;negative
bijak;weaksubj;positive
bijaksana;strongsubj;positive
bikinan;weaksubj;negative
bimbang;weaksubj;negative
bimbingan;weaksubj;positive
binasa;strongsubj;negative
bingung;weaksubj;negative
bintang;weaksubj;positive
bisa;weaksubj;positive
bising;strongsubj;negative
blunder;weaksubj;negative
bobrok;strongsubj;negative
bocor;weaksubj;negative
bodo;weaksubj;negative
bodo amat;strongsubj;negative
bodoh;strongsubj;negative
bodohi;strongsubj;negative
bohong;strongsubj;negative
boleh;weaksubj;positive
bom;strongsubj;negative
bonus;strongsubj;positive
boros;weaksubj;positive
bosan;strongsubj;negative
bosen;strongsubj;negative
botak;weaksubj;negative
brilian;strongsubj;positive
brutal;strongsubj;negative
bual;strongsubj;negative
buangan;strongsubj;negative
buar;strongsubj;negative
buas;weaksubj;negative
budak;strongsubj;negative
bug;weaksubj;negative
bukhari;strongsubj;positive
buntu;strongsubj;negative
bunuh;strongsubj;negative
buram;strongsubj;negative
buritan;weaksubj;negative
buronan;strongsubj;negative
buruk;strongsubj;negative
buruk ;strongsubj;negative
buruknya;strongsubj;negative
busuk;strongsubj;negative
buta;strongsubj;negative
cabul;strongsubj;negative
cacat;strongsubj;negative
cacian;strongsubj;negative
cahaya;strongsubj;positive
cakap;strongsubj;positive
calo;weaksubj;negative
cambuk;strongsubj;negative
canggung;weaksubj;negative
cantik;strongsubj;positive
capek;strongsubj;negative
cara;strongsubj;negative
cari ;strongsubj;negative
carut-marut;strongsubj;negative
cebol;strongsubj;negative
cedera;weaksubj;negative
cekatan;strongsubj;positive
cekcok;strongsubj;negative
cekung;strongsubj;negative
cela;strongsubj;negative
celaan;strongsubj;negative
celah;weaksubj;negative
celaka;strongsubj;negative
cemas;strongsubj;positive
cemberut;strongsubj;negative
cemburu;strongsubj;negative
cemerlang;strongsubj;positive
cemooh;strongsubj;negative
cemoohan;strongsubj;negative
cenderung;weaksubj;negative
cengeng;strongsubj;negative
cengking;weaksubj;negative
cepat;strongsubj;positive
cerah;strongsubj;positive
cerai;weaksubj;negative
ceraikan;weaksubj;negative
cercaan;strongsubj;negative
cerdas;strongsubj;positive
cerdik;strongsubj;positive
cerewet;strongsubj;negative
cergas;strongsubj;positive
cermat;strongsubj;positive
ceroboh;strongsubj;negative
cetar;weaksubj;positive
cewek;strongsubj;negative
cinta;strongsubj;positive
cita;weaksubj;positive
cocok;weaksubj;positive
compang-camping;strongsubj;negative
contoh;weaksubj;positive
corengan;strongsubj;negative
cuek;weaksubj;negative
cukup;weaksubj;positive
cukuplah;weaksubj;positive
curam;strongsubj;negative
curang;strongsubj;negative
curiga;weaksubj;negative
daging;strongsubj;negative
dajal;strongsubj;negative
dajjal;strongsubj;negative
damai;strongsubj;positive
dancok;strongsubj;negative
dangkal;strongsubj;negative
dapat;weaksubj;positive
darurat;strongsubj;negative
daya;strongsubj;positive
deadline;weaksubj;negative
debu;weaksubj;negative
dedemit;strongsubj;negative
degenerasi;weaksubj;negative
degradasi;strongsubj;negative
dehumanisasi;strongsubj;negative
delusi;strongsubj;negative
demam;strongsubj;negative
demoralisasi;weaksubj;negative
dendam;weaksubj;negative
dengki;strongsubj;negative
depresi;strongsubj;negative
derita;strongsubj;negative
dermawan;strongsubj;positive
desis;strongsubj;negative
destruktif;strongsubj;negative
dewasa;strongsubj;positive
diakses;weaksubj;positive
diakui;strongsubj;positive
diam;weaksubj;positive
diam-diam;weaksubj;negative
diandalkan;strongsubj;positive
dibaca;strongsubj;positive
dibakar;strongsubj;negative
dibanjiri;strongsubj;negative
dibantai;strongsubj;negative
dibebaskan;strongsubj;positive
dibelakang;weaksubj;negative
dibenci;strongsubj;negative
diberikan;weaksubj;positive
dibersihkan;weaksubj;positive
dibesar-besarkan;strongsubj;negative
dibiarkan;strongsubj;negative
dibodohi;strongsubj;negative
dibuang;weaksubj;negative
dibuat;weaksubj;positive
dibuat-buat;strongsubj;negative
dicapai;strongsubj;positive
dicela;strongsubj;negative
dicerca;strongsubj;negative
dicintai;strongsubj;positive
dicuci;strongsubj;negative
dicuri;strongsubj;negative
dicurigai;strongsubj;negative
didominasi;strongsubj;positive
didukung;strongsubj;positive
difavoritkan;strongsubj;positive
diganggu;weaksubj;negative
digosipkan;weaksubj;negative
digunakan;weaksubj;positive
dihabisi;strongsubj;negative
dihadang;weaksubj;negative
dihajar;strongsubj;negative
dihaluskan;strongsubj;negative
dihargai;strongsubj;positive
dihentikan;strongsubj;negative
dihukum;strongsubj;negative
diinginkan;weaksubj;positive
diizinkan;weaksubj;positive
dijauhi;strongsubj;negative
dijelaskan;strongsubj;negative
dikaburkan;weaksubj;negative
dikasiani;weaksubj;negative
dikelola;weaksubj;positive
dikembalikan;weaksubj;positive
dikenakan;weaksubj;negative
dikenal;weaksubj;positive
diketahui;weaksubj;positive
dikorbankan;weaksubj;negative
diktator;strongsubj;negative
diktatoris;strongsubj;negative
dilapisi gula;strongsubj;negative
dilayari;weaksubj;positive
dilecehkan;strongsubj;negative
diledaki;strongsubj;negative
dilema;weaksubj;negative
dilengkapi;weaksubj;positive
dilenyapkan;strongsubj;negative
dilepas;weaksubj;positive
dilihat;weaksubj;positive
dilumpukan;strongsubj;negative
dimaafkan;strongsubj;negative
dimarahi;strongsubj;negative
dimenangkan;strongsubj;positive
dimengerti;strongsubj;positive
diminati;weaksubj;positive
dinamis;weaksubj;positive
dingin;strongsubj;negative
dipecat;strongsubj;negative
diperangi;strongsubj;negative
diperbaharui;weaksubj;positive
dipercaya;strongsubj;positive
diperkosa;strongsubj;negative
dipermainkan;strongsubj;negative
diperoleh;weaksubj;positive
dipersoalkan;weaksubj;negative
dipertanyakan;strongsubj;negative
dipikirkan;strongsubj;negative
diplomatik;strongsubj;positive
dipoles;weaksubj;positive
diragukan;strongsubj;negative
diraih;strongsubj;positive
dirampas;strongsubj;negative
direformasi;weaksubj;positive
direkomendasikan;strongsubj;positive
diremajakan;strongsubj;positive
diremehkan;strongsubj;negative
direstrukturisasi;strongsubj;positive
dirugikan;strongsubj;negative
disahkan;strongsubj;positive
disalahgunakan;weaksubj;negative
disalahpahami;weaksubj;negative
disayangi;strongsubj;positive
disayangkan;weaksubj;negative
disebut-sebut;weaksubj;negative
disederhanakan;strongsubj;positive
disengaja;weaksubj;negative
disengketakan;strongsubj;negative
disiram;strongsubj;negative
diskredit;strongsubj;negative
diskriminasi;strongsubj;negative
diskriminatif;weaksubj;negative
disorient;weaksubj;negative
disproporsional;strongsubj;negative
distorsi;strongsubj;negative
disuap;strongsubj;negative
disubsidi;strongsubj;positive
disukai;strongsubj;positive
ditahan;weaksubj;negative
ditakdirkan;strongsubj;negative
ditambah ;strongsubj;positive
ditegakkan;weaksubj;positive
diterapkan;weaksubj;positive
diterima;strongsubj;positive
diteror;strongsubj;negative
diterror;strongsubj;negative
ditinggalkan;strongsubj;negative
ditingkatkan;strongsubj;positive
ditipu;strongsubj;negative
ditolak;strongsubj;negative
ditumpahkan;strongsubj;negative
dituntaskan;weaksubj;positive
ditutup;strongsubj;negative
diuntungkan;strongsubj;positive
diverifikasi;weaksubj;positive
doa;strongsubj;positive
doakan;strongsubj;positive
dogmatis;weaksubj;negative
dominan;strongsubj;negative
dongkol;strongsubj;negative
dongo;strongsubj;negative
dorongan;strongsubj;positive
dosa;strongsubj;negative
downgrade;weaksubj;negative
drastis;strongsubj;negative
drop-out;strongsubj;negative
dua wajah;strongsubj;negative
duanya;weaksubj;positive
dugaan;weaksubj;negative
duka;weaksubj;negative
dukun;weaksubj;negative
dukung;strongsubj;positive
dukungan;strongsubj;positive
dumping;weaksubj;negative
dungu;strongsubj;negative
duniawi;weaksubj;negative
dupa;strongsubj;negative
durhaka;strongsubj;negative
duri;strongsubj;negative
durian runtuh;strongsubj;positive
durja;weaksubj;negative
dusta;strongsubj;negative
dusun;weaksubj;negative
dwimakna;weaksubj;negative
edan;strongsubj;negative
editan;strongsubj;negative
edukatif;strongsubj;positive
efek;weaksubj;negative
efektif;strongsubj;positive
efektivitas;weaksubj;positive
efisien;strongsubj;positive
egois;strongsubj;negative
egoisme;strongsubj;negative
egomania;weaksubj;negative
egosentris;weaksubj;negative
ejakulasi;weaksubj;negative
ejek;weaksubj;negative
ejekan;strongsubj;negative
ekonomis;strongsubj;positive
eksploitasi;strongsubj;negative
eksploitatif;strongsubj;negative
eksplosif;strongsubj;negative
ekstase;weaksubj;positive
ekstremis;strongsubj;negative
ekstrimis;strongsubj;negative
elastis;weaksubj;positive
elegan;strongsubj;positive
elite;strongsubj;positive
emas;weaksubj;positive
empati;strongsubj;positive
enak;strongsubj;positive
enchantingly;weaksubj;positive
energi;strongsubj;positive
enggan;strongsubj;negative
ergonomis;strongsubj;positive
erosi;strongsubj;negative
etis;strongsubj;positive
euforia;strongsubj;positive
evakuasi;strongsubj;positive
evaluatif;weaksubj;positive
fajar;weaksubj;positive
fana;strongsubj;negative
fanatik;strongsubj;negative
fanatisme;strongsubj;negative
fantastis;strongsubj;positive
fasih;weaksubj;positive
fasis;weaksubj;negative
fasisme;strongsubj;negative
fatal;strongsubj;negative
fav;strongsubj;positive
fave;strongsubj;positive
favorit;strongsubj;positive
fenomenal;strongsubj;positive
fiksi;weaksubj;negative
firdaus;strongsubj;positive
fitnah;strongsubj;negative
fitnahan;strongsubj;negative
fleksibel;strongsubj;positive
fleksibilitas;strongsubj;positive
fobia;weaksubj;negative
friksi;strongsubj;negative
frustasi;strongsubj;negative
frustrasi;strongsubj;negative
fundamentalis;strongsubj;negative
fundamentalisme;weaksubj;negative
futuristik;strongsubj;positive
gadungan;strongsubj;negative
gagah;strongsubj;positive
gagal;strongsubj;negative
gagap;strongsubj;negative
gaib;weaksubj;positive
gairah;strongsubj;positive
galak;strongsubj;negative
gamblang;weaksubj;positive
ganas;strongsubj;negative
gangguan;strongsubj;negative
ganjil;weaksubj;negative
ganti rugi;weaksubj;negative
gantung;weaksubj;negative
garang;strongsubj;negative
garis keras;weaksubj;negative
garu;weaksubj;negative
gasang;weaksubj;negative
gatal;weaksubj;negative
gaya;weaksubj;positive
gegabah;weaksubj;negative
gejala;weaksubj;negative
gelandangan;strongsubj;negative
gelap;weaksubj;negative
gelisah;weaksubj;negative
gelora;weaksubj;negative
gembar-gembor;strongsubj;negative
gembira;strongsubj;positive
gemuk;weaksubj;positive
gencar;weaksubj;negative
gendut;strongsubj;negative
genit;weaksubj;negative
genosida;strongsubj;negative
genting;weaksubj;negative
gerah;weaksubj;negative
geram;strongsubj;negative
gerombolan;strongsubj;negative
gesekan;strongsubj;negative
gesit;weaksubj;positive
getah;weaksubj;negative
getaran;weaksubj;negative
ghairah;strongsubj;positive
giat;strongsubj;positive
gigih;strongsubj;positive
gigil;strongsubj;negative
gila;strongsubj;negative
gila-gilaan;strongsubj;negative
gimana;strongsubj;negative
goblog;strongsubj;negative
goblok;strongsubj;negative
godaan;strongsubj;negative
gokil;weaksubj;positive
goreng;weaksubj;negative
goresan;weaksubj;negative
gosip;weaksubj;negative
gosipkan;weaksubj;negative
gosipnya;strongsubj;negative
goyah;strongsubj;negative
goyang;strongsubj;negative
goyangan;strongsubj;negative
gratis;weaksubj;positive
gugat;strongsubj;negative
gugup;weaksubj;negative
gurih;weaksubj;positive
gurun;weaksubj;negative
gusar;weaksubj;negative
gusur;strongsubj;negative
habis;weaksubj;positive
habisi;strongsubj;negative
habiskan;weaksubj;negative
hadiah;strongsubj;positive
hak;weaksubj;negative
halal;strongsubj;positive
halangan;weaksubj;negative
halus;weaksubj;positive
hama;strongsubj;negative
hambatan;weaksubj;negative
hancur;strongsubj;negative
handal;strongsubj;positive
handier;weaksubj;positive
hangat;strongsubj;positive
hantu;strongsubj;negative
haram;strongsubj;negative
harapan;strongsubj;positive
harga;weaksubj;positive
harmoni;strongsubj;positive
harmonis;strongsubj;positive
harta;weaksubj;positive
harum;strongsubj;positive
hasil;weaksubj;positive
hasil karya;strongsubj;positive
hasil terbaik;weaksubj;positive
hasutan;weaksubj;negative
hati;strongsubj;positive
hati-hati;weaksubj;positive
haus;weaksubj;negative
hebat;strongsubj;positive
hedon;strongsubj;negative
hedonistik;weaksubj;negative
hegemoni;strongsubj;negative
hegemonisme;strongsubj;negative
hemat;strongsubj;positive
henti;weaksubj;positive
heran;weaksubj;positive
heroik;strongsubj;positive
hidup;weaksubj;positive
hilang;strongsubj;negative
hina;strongsubj;negative
hingar-bingar;strongsubj;negative
hiruk-pikuk;strongsubj;negative
histeri;weaksubj;negative
histeria;weaksubj;negative
histeris;strongsubj;negative
hitam;strongsubj;negative
hoax;strongsubj;negative
hore;weaksubj;positive
horee;strongsubj;positive
hormat;strongsubj;positive
hubungan;strongsubj;positive
hujan es;weaksubj;positive
hujat;strongsubj;negative
hukuman;strongsubj;negative
hutang;strongsubj;negative
iba;weaksubj;positive
iblis;strongsubj;negative
ideal;strongsubj;positive
idealnya;strongsubj;positive
idiot;strongsubj;negative
idola;weaksubj;positive
igauan;weaksubj;negative
ikhwan;weaksubj;positive
ilahi;strongsubj;positive
ilegal;strongsubj;negative
ilu;weaksubj;positive
iluminati;strongsubj;negative
ilusi;weaksubj;negative
imajinatif;weaksubj;positive
imajiner;weaksubj;negative
iman;strongsubj;positive
imperialis;strongsubj;negative
impian;strongsubj;positive
impoten;strongsubj;negative
impulsif;strongsubj;negative
imut;strongsubj;positive
indah;strongsubj;positive
individual;weaksubj;positive
individualis;strongsubj;negative
indoktrinasi;strongsubj;negative
infalibilitas;weaksubj;positive
infeksi;strongsubj;negative
inferioritas;strongsubj;negative
inflamasi;weaksubj;negative
inflasi;strongsubj;negative
ingkar;strongsubj;negative
inkompeten;strongsubj;negative
inkompetensi;strongsubj;negative
inkonsistensi;weaksubj;negative
inkonstitusionil;strongsubj;negative
inovasi;strongsubj;positive
inovatif;strongsubj;positive
insensitively;weaksubj;negative
insiden;strongsubj;negative
inspirasi;strongsubj;positive
inspirasional;strongsubj;positive
inspiratif;strongsubj;positive
instrumental;weaksubj;positive
integral;weaksubj;positive
intelektual;strongsubj;positive
intelijen;weaksubj;positive
interupsi;strongsubj;negative
intim;strongsubj;positive
intimidasi;strongsubj;negative
intip;strongsubj;negative
intrik;weaksubj;positive
intrusi;weaksubj;negative
intuitif;strongsubj;positive
invasi;strongsubj;negative
invasif;strongsubj;negative
irama;strongsubj;positive
irasional;weaksubj;negative
irasionalitas;strongsubj;negative
iri;strongsubj;negative
iritasi;weaksubj;negative
ironi;weaksubj;negative
ironis;weaksubj;negative
ironisnya;weaksubj;negative
islami;strongsubj;positive
isolasi;strongsubj;negative
istimewa;strongsubj;positive
isu;strongsubj;negative
isyarat;weaksubj;positive
jadah;strongsubj;negative
jaga;strongsubj;positive
jahanam;strongsubj;negative
jahat;strongsubj;negative
jaminan;weaksubj;positive
jancuk;strongsubj;negative
jangan;strongsubj;negative
janggal;strongsubj;negative
janji;weaksubj;positive
jatuh;strongsubj;negative
jatuh sakit;strongsubj;negative
jauh;weaksubj;negative
jawa;weaksubj;positive
jawab;weaksubj;positive
jebakan;weaksubj;negative
jelaga;weaksubj;negative
jelas;weaksubj;positive
jelatang;weaksubj;negative
jelek;strongsubj;negative
jelu;strongsubj;negative
jempol;strongsubj;positive
jempolan;strongsubj;positive
jenaka;weaksubj;positive
jenazah;weaksubj;negative
jengkel;strongsubj;negative
jenius;strongsubj;positive
jenuh;weaksubj;negative
jerat;strongsubj;negative
jerawat;weaksubj;negative
jeritan;strongsubj;negative
jernih;strongsubj;positive
jijik;strongsubj;negative
jompo;strongsubj;negative
jualan;strongsubj;negative
juara;strongsubj;positive
jujur;strongsubj;positive
jumlah sedikit;strongsubj;negative
kabur;strongsubj;negative
kabut;weaksubj;negative
kaca;weaksubj;negative
kacau;strongsubj;negative
kadaluarsa;strongsubj;negative
kadung;strongsubj;negative
kafir;strongsubj;negative
kafirin;strongsubj;negative
kafirkan;strongsubj;negative
kagum;strongsubj;positive
kaku;strongsubj;negative
kalah;strongsubj;negative
kalahan;weaksubj;negative
kambuh;strongsubj;negative
kampret;strongsubj;negative
kampungan;weaksubj;negative
kanan;weaksubj;positive
kandang;weaksubj;negative
kandas;strongsubj;negative
kanibal;strongsubj;negative
kanker;strongsubj;negative
kapak;weaksubj;negative
kapalan;strongsubj;negative
karat;strongsubj;negative
karimah;strongsubj;positive
karisma;weaksubj;positive
karismatik;strongsubj;positive
karuan;strongsubj;negative
karunia;strongsubj;positive
karya;strongsubj;positive
kasar;strongsubj;negative
kasih;strongsubj;positive
kasus;weaksubj;negative
kata-kata kasar;weaksubj;negative
katastropi;strongsubj;negative
kaya;weaksubj;positive
keadilan;strongsubj;positive
keagungan;strongsubj;positive
keajaiban;strongsubj;positive
keanehan;weaksubj;negative
keanggunan;strongsubj;positive
keangkuhan;strongsubj;negative
keaslian;strongsubj;positive
kebahagiaan;strongsubj;positive
kebaikan;strongsubj;positive
kebajikan;strongsubj;positive
kebal;weaksubj;positive
kebanggaan;strongsubj;positive
kebangkitan;weaksubj;positive
kebaruan;weaksubj;positive
kebawah;weaksubj;negative
kebebasan;weaksubj;positive
kebenaran;strongsubj;positive
kebencian;strongsubj;negative
keberanian;strongsubj;positive
keberatan;strongsubj;negative
keberbahayaan;strongsubj;negative
keberhasilan;strongsubj;positive
keberlanjutan;weaksubj;positive
kebersamaan;strongsubj;positive
kebersihan;strongsubj;positive
keberuntungan;strongsubj;positive
kebesaran;weaksubj;positive
kebetulan;weaksubj;positive
kebiadaban;strongsubj;negative
kebiasaan;weaksubj;negative
kebijaksanaan;weaksubj;positive
kebingungan;weaksubj;negative
kebiri;weaksubj;negative
kebisingan;strongsubj;negative
kebobolan;strongsubj;negative
kebocoran;strongsubj;negative
kebodohan;strongsubj;negative
kebohongan;strongsubj;negative
kebosanan;strongsubj;negative
kebrutalan;strongsubj;negative
kebuntuan;strongsubj;negative
keburukan;strongsubj;negative
kecabulan;strongsubj;negative
kecakapan;strongsubj;positive
kecaman;strongsubj;negative
kecanduan;strongsubj;negative
kecantikan;strongsubj;positive
kecapaian;weaksubj;negative
kecelakaan;weaksubj;negative
kecemasan;weaksubj;negative
kecemburuan;strongsubj;negative
kecemerlangan;strongsubj;positive
kecenderungan;strongsubj;negative
kecepatan;weaksubj;positive
kecerdasan;strongsubj;positive
kecerdikan;strongsubj;positive
kecerobohan;strongsubj;negative
kecewa;weaksubj;negative
kecil;weaksubj;negative
kecongkakan;strongsubj;negative
kecurangan;strongsubj;negative
kecurigaan;strongsubj;negative
kedangkalan;strongsubj;negative
kedengkian;weaksubj;negative
keemasan;strongsubj;positive
keenakan;strongsubj;positive
keengganan;weaksubj;negative
kefanatikan;weaksubj;negative
kegagalan;weaksubj;negative
kegairahan;strongsubj;positive
keganasan;strongsubj;negative
kegarangan;weaksubj;negative
kegelapan;weaksubj;negative
kegelisahan;strongsubj;negative
kegembiraan;strongsubj;positive
kegemparan;strongsubj;negative
kegemukan;weaksubj;negative
kegilaan;weaksubj;negative
kegoyangan;weaksubj;negative
kegugupan;strongsubj;negative
kehabisan;strongsubj;negative
kehancuran;weaksubj;negative
kehangatan;strongsubj;positive
kehebatan;strongsubj;positive
kehebohan;weaksubj;negative
keheranan;strongsubj;positive
kehilangan;strongsubj;negative
kehinaan;strongsubj;negative
keindahan;strongsubj;positive
keinginan;weaksubj;positive
keingkaran;strongsubj;negative
keintiman;strongsubj;positive
keirasionalan;strongsubj;negative
kejadian ;strongsubj;negative
kejahatan;strongsubj;negative
kejam;strongsubj;negative
kejang;weaksubj;negative
kejanggalan;weaksubj;negative
kejangkitan;strongsubj;negative
kejatuhan;weaksubj;negative
kejayaan;strongsubj;positive
kejelasan;weaksubj;positive
kejelekan;strongsubj;negative
kejengahan;strongsubj;negative
kejengkelan;strongsubj;negative
keji;strongsubj;negative
kejujuran;strongsubj;positive
kejut;strongsubj;negative
kekacauan;weaksubj;negative
kekaguman;strongsubj;positive
kekakuan;strongsubj;negative
kekal;weaksubj;positive
kekalahan;strongsubj;negative
kekanak-kanakan;strongsubj;negative
kekasih;weaksubj;positive
kekecewaan;strongsubj;negative
kekecilan;weaksubj;negative
kekejaman;weaksubj;negative
kekejamannya;weaksubj;negative
kekeliruan;weaksubj;negative
kekencangan;weaksubj;positive
kekenyangan;weaksubj;negative
kekerasan;weaksubj;negative
kekeringan;strongsubj;negative
kekesalan;weaksubj;negative
kekhawatiran;weaksubj;negative
kekhilafan;strongsubj;negative
kekosongan;strongsubj;negative
kekotoran;weaksubj;negative
kekuatan;weaksubj;positive
kekuatiran;strongsubj;negative
kekurangan;strongsubj;negative
kekurangpekaan;strongsubj;negative
kelakuan buruk;strongsubj;negative
kelalaian;weaksubj;negative
kelamaan;weaksubj;negative
kelambanan;strongsubj;negative
kelancangan;strongsubj;negative
kelancaran;strongsubj;positive
kelangkaan;strongsubj;negative
kelangsungan;weaksubj;positive
kelaparan;strongsubj;negative
kelas;weaksubj;positive
kelayakan;strongsubj;positive
kelelahan;strongsubj;negative
kelemahan;strongsubj;negative
kelembutan;strongsubj;negative
kelesuan;strongsubj;negative
keletihan;weaksubj;negative
kelezatan;strongsubj;positive
kelimpahan;strongsubj;positive
kelincahan;weaksubj;positive
kelip redup;weaksubj;positive
keliru;weaksubj;negative
keluar;weaksubj;negative
keluarkan;weaksubj;negative
kelucuan;weaksubj;positive
keluhan;weaksubj;negative
kelupaan;strongsubj;negative
keluwesan;strongsubj;positive
kemacetan;strongsubj;negative
kemajuan;strongsubj;positive
kemakmuran;strongsubj;positive
kemalangan;strongsubj;negative
kemalasan;strongsubj;negative
kemampuan;weaksubj;positive
kemandekan;weaksubj;negative
kemantapan;strongsubj;positive
kemarahan;strongsubj;negative
kemasukan;strongsubj;negative
kemasyhuran;strongsubj;positive
kematangan;weaksubj;positive
kematian;strongsubj;negative
kemauan;weaksubj;positive
kemegahan;weaksubj;positive
kemelaratan;weaksubj;negative
kemenangan;strongsubj;positive
kemenduaan;weaksubj;negative
kemerosotan;strongsubj;negative
kemewahan;weaksubj;positive
kemiskinan;strongsubj;negative
kemudahan;strongsubj;positive
kemunafikan;weaksubj;negative
kemunduran;strongsubj;negative
kemurahan;strongsubj;positive
kemurkaan;weaksubj;negative
kemurungan;strongsubj;negative
kemustahilan;strongsubj;negative
kenal;strongsubj;positive
kenangan;weaksubj;positive
kencang;weaksubj;positive
kendor;weaksubj;negative
kendur;weaksubj;negative
kenekatan;strongsubj;negative
kenikmatan;strongsubj;positive
kental;weaksubj;negative
kenyamanan;strongsubj;positive
kepahitan;strongsubj;negative
kepala-sakit;strongsubj;negative
kepala batu;weaksubj;negative
kepalang;strongsubj;negative
kepanjangan;weaksubj;positive
kepatahan;strongsubj;negative
kepayang;weaksubj;negative
kepedaran;strongsubj;negative
kepedulian;strongsubj;positive
kependekan;strongsubj;negative
kepentingan;strongsubj;positive
kepercayaan;strongsubj;positive
keperkasaan;strongsubj;positive
kepicikan;strongsubj;negative
kepincut;weaksubj;positive
kepuasan;weaksubj;positive
keputusasaan;strongsubj;negative
keputusasan;strongsubj;negative
keracunan;strongsubj;negative
keraguan;strongsubj;negative
keramahan;strongsubj;positive
keramat;weaksubj;positive
kerangka;weaksubj;negative
keranjingan;weaksubj;positive
keras;strongsubj;positive
keras-kapal;weaksubj;negative
kerasnya;strongsubj;negative
kerdil;weaksubj;negative
kere;strongsubj;negative
kerelaan;weaksubj;positive
keren;strongsubj;positive
kerendahan;weaksubj;negative
kerepotan;weaksubj;negative
keretakan;strongsubj;negative
keriangan;strongsubj;positive
keributan;strongsubj;negative
kering;strongsubj;negative
keriput;strongsubj;negative
keriuhan;strongsubj;negative
kerjasama;strongsubj;positive
kerlip;weaksubj;negative
keroncongan;weaksubj;negative
kerubin;weaksubj;positive
kerugian;strongsubj;negative
kerusakan;strongsubj;negative
kerusuhan;strongsubj;negative
kerut;strongsubj;negative
keruwetan;strongsubj;negative
kesabaran;strongsubj;positive
kesal;strongsubj;negative
kesalahan;strongsubj;negative
kesalahpahaman;strongsubj;negative
kesalehan;strongsubj;positive
kesamaan;strongsubj;negative
kesatuan;strongsubj;positive
kesayangan;weaksubj;positive
kesederhanaan;strongsubj;positive
kesedihan;strongsubj;negative
keseganan;weaksubj;negative
kesegeraan;strongsubj;negative
kesehatan;strongsubj;positive
kesejahteraan;strongsubj;positive
kesel;strongsubj;negative
kesembronoan;strongsubj;positive
kesempatan;strongsubj;positive
kesempurnaan;strongsubj;positive
kesenangan;weaksubj;positive
kesendirian;strongsubj;negative
kesengitan;strongsubj;negative
kesengsaraan;strongsubj;negative
kesepian;weaksubj;negative
keserakahan;strongsubj;negative
kesesakan;weaksubj;negative
kesetiaan;strongsubj;positive
kesilauan;weaksubj;negative
kesombongan;strongsubj;negative
kesopanan;strongsubj;positive
kestabilan;strongsubj;positive
kesucian;strongsubj;positive
kesukaan;strongsubj;positive
kesulitan;strongsubj;negative
kesungguhan;weaksubj;positive
kesuraman;strongsubj;negative
kesyahidan;weaksubj;negative
ketabahan;strongsubj;positive
ketajaman;weaksubj;positive
ketakberanian;strongsubj;negative
ketakutan;strongsubj;negative
ketamakan;strongsubj;negative
ketat;strongsubj;negative
ketegangan;strongsubj;negative
ketegasan;weaksubj;positive
keteguhan;weaksubj;positive
ketekunan;weaksubj;positive
ketelatan;strongsubj;negative
ketenangan;strongsubj;positive
ketenaran;weaksubj;positive
keterbatasan;strongsubj;negative
keterbelakangan;strongsubj;negative
keterbukaan;strongsubj;positive
ketercocokan;strongsubj;positive
keterlaluan;strongsubj;negative
keterlambatan;strongsubj;negative
ketiadaan;strongsubj;negative
ketidakabsahan;weaksubj;negative
ketidakadilan;weaksubj;negative
ketidakakuratan;strongsubj;negative
ketidakamanan;strongsubj;negative
ketidakbahagiaan;strongsubj;negative
ketidakberdayaan;strongsubj;negative
ketidakberpihakanstrongsubj;positive;
ketidakbijaksanaan;strongsubj;negative
ketidakcakapan;strongsubj;negative
ketidakcocokan;strongsubj;negative
ketidakcukupan;strongsubj;negative
ketidakefektifan;strongsubj;negative
ketidakefisienan;strongsubj;negative
ketidakjelasan;strongsubj;negative
ketidakjujuran;strongsubj;negative
ketidakkasihan;strongsubj;negative
ketidaklogisan;strongsubj;negative
ketidakmampuan;strongsubj;negative
ketidakmungkinan;strongsubj;negative
ketidakmurnian;weaksubj;negative
ketidakpantasan;weaksubj;negative
ketidakpedulian;strongsubj;negative
ketidakpercayaan;strongsubj;negative
ketidakpuasan;strongsubj;negative
ketidakrelevanan;strongsubj;negative
ketidaksabaran;strongsubj;negative
ketidaksamaan;strongsubj;negative
ketidakseimbangan;strongsubj;negative
ketidaksempurnaan;weaksubj;negative
ketidaksenangan;strongsubj;negative
ketidaksenonohan;strongsubj;negative
ketidaksetaraan;strongsubj;negative
ketidaksetiaan;weaksubj;negative
ketidaksopanan;strongsubj;negative
ketidakstabilan;strongsubj;negative
ketidaktahuan;strongsubj;negative
ketidaktelitian;weaksubj;negative
ketidakteraturan;weaksubj;negative
ketidaktertarikan;strongsubj;negative
ketidaktoleranan;strongsubj;negative
ketidaktulusan;strongsubj;negative
ketinggalan;strongsubj;negative
ketrampilan;strongsubj;positive
ketukan;weaksubj;negative
ketulusan;strongsubjpositive;
ketus;strongsubj;negative
keuletan;strongsubj;positive
keunggulan;strongsubj;positive
keuntungan;strongsubj;positive
kewalahan;strongsubj;negative
kewaspadaan;strongsubj;positive
kezaliman;strongsubj;negative
khawatir;weaksubj;negative
khayalan;strongsubj;negative
khayalan belaka;weaksubj;negative
khayali;strongsubj;negative
khianat;strongsubj;negative
khusus;strongsubj;positive
kiamat;strongsubj;negative
kikir;strongsubj;negative
kikuk;strongsubj;negative
kilau;weaksubj;positive
kios;strongsubj;negative
kisi;weaksubj;negative
kita;weaksubj;positive
klasik;weaksubj;positive
klik;strongsubj;negative
klise;weaksubj;negative
knalpot;weaksubj;negative
koheren;weaksubj;positive
koherensi;weaksubj;positive
kolot;strongsubj;negative
komitmen;strongsubj;positive
kompak;strongsubj;positive
kompatibel;strongsubj;negative
kompeten;strongsubj;positive
kompetitif;strongsubj;positive
kompleks;strongsubj;negative
komplementer;weaksubj;positive
komplikasi;weaksubj;negative
komplotan;weaksubj;negative
kompong;strongsubj;negative
kompromi;weaksubj;positive
komunis;strongsubj;negative
kondusif;strongsubj;positive
konflik;strongsubj;negative
konfrontasi;strongsubj;negative
kongkalikong;strongsubj;negative
kongkret;strongsubj;positive
konkret;strongsubj;positive
konsesi;strongsubj;negative
konsisten;strongsubj;positive
konspirasi;strongsubj;negative
konspiratif;strongsubj;negative
konspirator;weaksubj;negative
konstruktif;strongsubj;positive
kontaminasi;strongsubj;negative
kontensius;weaksubj;negative
kontinuitas;strongsubj;positive
kontol;strongsubj;negative
kontra;strongsubj;negative
kontra-produktif;weaksubj;negative
kontradiksi;strongsubj;negative
kontradiktif;strongsubj;negative
kontraproduktif;strongsubj;negative
kontras;weaksubj;positive
kontribusi;strongsubj;positive
kontroversi;strongsubj;negative
kontroversial;strongsubj;negative
konyol;weaksubj;negative
kooperatif;strongsubj;positive
koperasi;weaksubj;positive
korban;strongsubj;negative
korosi;strongsubj;negative
korosif;strongsubj;negative
korup;strongsubj;negative
korupsi;strongsubj;negative
kosong;strongsubj;negative
kotor;strongsubj;negative
kotoran;strongsubj;negative
kotornya;strongsubj;negative
kram;strongsubj;negative
kreatif;strongsubj;positive
krisis;strongsubj;negative
kritik;strongsubj;negative
kritikus;strongsubj;negative
kritis;strongsubj;negative
kronis;strongsubj;negative
kualitas;strongsubj;positive
kuasa;strongsubj;positive
kuat;strongsubj;positive
kuatir;weaksubj;negative
kucam;strongsubj;negative
kucinta;strongsubj;positive
kudung;weaksubj;negative
kukuh;strongsubj;positive
kuning;weaksubj;negative
kuno;weaksubj;negative
kupas;strongsubj;negative
kurang;strongsubj;negative
kurus;strongsubj;positive
kusayang;strongsubj;positive
kusut;strongsubj;negative
kutukan;strongsubj;negative
labil;strongsubj;negative
labu;weaksubj;negative
lacur;strongsubj;negative
lagu;weaksubj;positive
lalai;strongsubj;negative
lalat;strongsubj;negative
lalim;strongsubj;negative
lama;strongsubj;negative
lamban;strongsubj;negative
lambat;weaksubj;negative
lancang;strongsubj;negative
lancar;strongsubj;positive
landasan;strongsubj;positive
lapang;strongsubj;positive
lapar;strongsubj;negative
lapuk;weaksubj;negative
larangan;weaksubj;negative
larut;weaksubj;negative
latency;weaksubj;negative
layak;strongsubj;positive
lebam;strongsubj;negative
lebih;strongsubj;positive
lebihan;strongsubj;negative
lecet;strongsubj;negative
ledakan;strongsubj;negative
ledaki;strongsubj;negative
lega;strongsubj;positive
legendaris;weaksubj;positive
lekat;weaksubj;negative
lekir;weaksubj;negative
lekuk;weaksubj;negative
lelah;strongsubj;negative
lelucon;strongsubj;negative
lemah;strongsubj;negative
lemak;weaksubj;negative
lemas;weaksubj;negative
lembab;weaksubj;negative
lembek;weaksubj;negative
lembut;weaksubj;positive
lemot;weaksubj;negative
lendir;strongsubj;negative
lengkap;weaksubj;positive
lengket;weaksubj;negative
lengser;strongsubj;negative
lengserkan;strongsubj;negative
lepas;strongsubj;negative
lereng;weaksubj;negative
lesu;strongsubj;negative
letih;strongsubj;negative
letusan;strongsubj;negative
lezat;strongsubj;positive
liar;strongsubj;negative
licik;strongsubj;negative
licin;weaksubj;positive
lier;weaksubj;negative
limbah;strongsubj;negative
limbung;weaksubj;negative
lincah;strongsubj;positive
linglung;weaksubj;negative
lintah;weaksubj;negative
lirik;weaksubj;negative
liris;weaksubj;positive
logis;strongsubj;positive
longgar;weaksubj;negative
longsor;strongsubj;negative
loyalitas;strongsubj;positive
luah;strongsubj;negative
luar;weaksubj;positive
luas;strongsubj;positive
lubang;strongsubj;negative
lucu;strongsubj;positive
luhur;strongsubj;positive
luka;strongsubj;negative
luka bakar;strongsubj;negative
luka lecet;weaksubj;negative
lumayan;strongsubj;positive
lumpuh;strongsubj;negative
lumpur;weaksubj;negative
lunak;weaksubj;negative
lupa;strongsubj;negative
lusuh;strongsubj;negative
luwes;strongsubj;positive
maaf;strongsubj;positive
mabuk;strongsubj;negative
macet;strongsubj;negative
mafia;strongsubj;negative
mahal;strongsubj;negative
mahir;strongsubj;positive
main-main;weaksubj;negative
maju;strongsubj;positive
makanan;weaksubj;positive
maki;weaksubj;negative
makian;strongsubj;negative
makmur;weaksubj;positive
malaikat;strongsubj;positive
malang;weaksubj;negative
malapetaka;weaksubj;negative
malas;weaksubj;negative
maling;weaksubj;negative
malu;weaksubj;positive
malu-malu;weaksubj;negative
mampat;strongsubj;negative
mampu;strongsubj;positive
mampus;strongsubj;negative
mandek;weaksubj;negative
mandiri;strongsubj;positive
manfaat;strongsubj;positive
manfaatnya;weaksubj;positive
manipulasi;strongsubj;negative
manipulatif;strongsubj;negative
manipulator;strongsubj;negative
manis;strongsubj;positive
manja;weaksubj;positive
manjur;strongsubj;positive
mantab;strongsubj;positive
manusiawi;strongsubj;positive
mapan;strongsubj;positive
marah;weaksubj;negative
marah-marah;strongsubj;negative
marginal;strongsubj;negative
martabat;weaksubj;positive
masalah;strongsubj;negative
masam;strongsubj;negative
master;weaksubj;positive
masuk;weaksubj;positive
matang;strongsubj;positive
mati;strongsubj;negative
mati-matian;strongsubj;positive
mawas;weaksubj;positive
megah;strongsubj;positive
megap-megap;weaksubj;negative
mekar;strongsubj;positive
melakukan;weaksubj;positive
melalaikan;strongsubj;negative
melambat;strongsubj;negative
melampaui;strongsubj;positive
melampiaskan;strongsubj;negative
melanggar;strongsubj;negative
melarang;strongsubj;negative
melarikan;weaksubj;negative
melawan;strongsubj;negative
melayu;strongsubj;negative
melebih-lebihkan;weaksubj;negative
melebihi;strongsubj;positive
melecehkan;weaksubj;negative
meledak;strongsubj;negative
melelahkan;weaksubj;negative
melemahkan;weaksubj;negative
melenceng;weaksubj;negative
melengkapi;strongsubj;positive
melengking;strongsubj;negative
melengkingkan;strongsubj;negative
melengkung;weaksubj;negative
melenyapkan;strongsubj;negative
melepaskan;strongsubj;negative
melepuh;strongsubj;negative
meleset;strongsubj;negative
meletakkan-off;weaksubj;negative
melibatkan;weaksubj;negative
melimpahi;strongsubj;negative
melindungi;strongsubj;positive
melinglungkan;weaksubj;negative
melodramatis;strongsubj;negative
melongo;strongsubj;negative
melongsorkan;strongsubj;negative
meluap;strongsubj;negative
meluap-luap;weaksubj;positive
meluapkan;strongsubj;negative
melucuti;strongsubj;negative
melukai;strongsubj;negative
meluluhkan;weaksubj;negative
melumpuhkan;strongsubj;negative
melupakan;weaksubj;negative
meluruhkan;weaksubj;negative
meluruskan;strongsubj;positive
memaafkan;strongsubj;positive
memabukkan;strongsubj;negative
memadai;strongsubj;positive
memahami;strongsubj;positive
memakan;strongsubj;negative
memaksa;strongsubj;negative
memaksakan;strongsubj;negative
memalsukan;strongsubj;negative
memalukan;strongsubj;negative
memamerkan;strongsubj;negative
memanaskan;strongsubj;negative
memanggil;strongsubj;positive
memanjakan;weaksubj;positive
memantapkan;strongsubj;positive
memar;strongsubj;negative
memarahi;strongsubj;negative
memarahkan;strongsubj;negative
memarut;weaksubj;negative
memastikan;weaksubj;positive
mematahkan;weaksubj;negative
mematikan;strongsubj;negative
mematuhi;strongsubj;positive
membagi;strongsubj;negative
membahana;weaksubj;positive
membahas;strongsubj;negative
membahayakan;strongsubj;negative
membaik;strongsubj;positive
membakar;strongsubj;negative
membalas;strongsubj;negative
membalikkan;strongsubj;negative
membanjiri;strongsubj;negative
membantah;strongsubj;negative
membantu;strongsubj;positive
membara;weaksubj;positive
membatalkan;strongsubj;negative
membatasi;strongsubj;negative
membatu;strongsubj;negative
membayar;weaksubj;positive
membebaskan;strongsubj;positive
membedakan;weaksubj;negative
membeku;weaksubj;negative
membekukan;weaksubj;negative
membela;strongsubj;positive
membelit;strongsubj;negative
membenci;weaksubj;negative
membengisi;strongsubj;negative
memberangus;strongsubj;positive
memberanikan;strongsubj;positive
memberatkan;strongsubj;negative
memberdayakan;strongsubj;positive
memberhentikan;strongsubj;negative
memberkati;weaksubj;positive
memberontak;strongsubj;negative
membersihkan;strongsubj;positive
membesarkan;weaksubj;positive
membesut;weaksubj;positive
membiasakan;sweaksubj;positive
membinasakan;strongsubj;negative
membingungkan;weaksubj;negative
membohong;strongsubj;negative
memboikot;strongsubj;negative
membolos;strongsubj;negative
membombardir;weaksubj;negative
membongkar;weaksubj;negative
membosankan;strongsubj;negative
membuang;strongsubj;negative
membuat;weaksubj;positive
membudayakan;strongsubj;positive
membujuk;strongsubj;positive
membuktikan;weaksubj;positive
membunuh;strongsubj;negative
memburuk;strongsubj;negative
memburukkan;strongsubj;negative
memburuknya;weaksubj;negative
membusuk;strongsubj;negative
membutakan;weaksubj;negative
memecat;strongsubj;negative
memekakkan;strongsubj;negative
memelihara;strongsubj;positive
memeluk;strongsubj;positive
memendam;strongsubj;negative
memenjarakan;strongsubj;negative
mementingkan;weaksubj;negative
memenuhi;weaksubj;positive
memerangi;weaksubj;positive
memeras;strongsubj;negative
memerciki;weaksubj;negative
memeriahkan;weaksubj;positive
memerintahkan;weaksubj;negative
memetik;weaksubj;positive
memfavoritkan;strongsubj;positive
memfitnah;strongsubj;negative
memihak;weaksubj;negative
memikat;weaksubj;positive
memilih;weaksubj;positive
memimpin;strongsubj;positive
memisahkan;weaksubj;negative
memiskinkan;weaksubj;negative
memohon;strongsubj;negative
memperbaiki;weaksubj;positive
memperberat;strongsubj;negative
memperbudak;strongsubj;negative
mempercantik;strongsubj;positive
mempercayakan;strongsubj;positive
memperdaya;strongsubj;negative
memperdayakan;strongsubj;negative
memperebutkan;weaksubj;negative
memperingatkan;strongsubj;negative
memperjelas;strongsubj;positive
memperkaya;strongsubj;positive
memperkosa;weaksubj;negative
memperkuat;strongsubj;positive
memperlambat;strongsubj;negative
memperlemah;strongsubj;negative
mempermainkan;strongsubj;negative
mempermanis;strongsubj;positive
memperoleh;weaksubj;positive
mempersiapkan;strongsubj;negative
mempesona;strongsubj;positive
mempolemikkan;strongsubj;negative
memprihatinkan;strongsubj;negative
mempropagandakan;weaksubj;negative
memprotes;weaksubj;negative
memprovokasi;strongsubj;negative
memuakkan;strongsubj;negative
memuaskan;strongsubj;positive
memudahkan;strongsubj;positive
memudarnya;weaksubj;negative
memuja;weaksubj;positive
memujanya;strongsubj;positive
memuji;strongsubj;positive
memuji-muji;strongsubj;positive
memukau;strongsubj;positive
memukul;strongsubj;negative
memuliakan;strongsubj;positive
memulihkan;strongsubj;positive
memuntahkan;strongsubj;negative
memurahkan;strongsubj;negative
memurnikan;strongsubj;positive
memusnahkan;strongsubj;negative
memutar;weaksubj;negative
memutarbalikkan;strongsubj;negative
memutuskan;weaksubj;negative
menabrak;strongsubj;negative
menahan;weaksubj;negative
menakjubkan;strongsubj;positive
menakuti;weaksubj;negative
menakutkan;strongsubj;negative
menambah;weaksubj;positive
menampar;strongsubj;negative
menanamkan;weaksubj;negative
menang;strongsubj;positive
menanggapi;weaksubj;positive
menangguhkan;strongsubj;negative
menangi;weaksubj;positive
menangis;weaksubj;negative
menantang;weaksubj;positive
menarik;weaksubj;positive
menariknya;weaksubj;positive
menasihati;weaksubj;negative
menawan;weaksubj;positive
mencabut;strongsubj;negative
mencabut perlindungan;weaksubj;negative
mencaci;strongsubj;negative
mencairkan;strongsubj;negative
mencampuradukkan;weaksubj;negative
mencampuri;weaksubj;negative
mencap;strongsubj;negative
mencekik;strongsubj;negative
mencela;strongsubj;negative
mencemari;strongsubj;negative
mencemaskan;weaksubj;negative
mencemoohkan;weaksubj;negative
mencengangkan;weaksubj;positive
mencibir;strongsubj;negative
mencicit;weaksubj;negative
mencintai;strongsubj;positive
mencium;weaksubj;negative
menciut-ciut;weaksubj;negative
mencla-mencle;strongsubj;negative
mencolok;strongsubj;negative
mencopoti;strongsubj;negative
mencubit;weaksubj;negative
mencuci otak;strongsubj;negative
mencukupi;strongsubj;positive
mencuri;strongsubj;negative
mencurigakan;weaksubj;negative
mendadak;strongsubj;negative
mendakwa;strongsubj;negative
mendalam;strongsubj;positive
mendamaikan;strongsubj;positive
mendapatkan;strongsubj;positive
mendatang;strongsubj;negative
mendatangkan;strongsubj;negative
mendebarkan;weaksubj;positive
mendeklamasikan;weaksubj;negative
menderita;strongsubj;negative
mendesak;strongsubj;negative
mendesis;strongsubj;negative
mendewakan;weaksubj;positive
mendidih;strongsubj;negative
mendistorsi;weaksubj;negative
mendoakan;strongsubj;positive
mendominasi;strongsubj;positive
mendorong;strongsubj;positive
menduduki;strongsubj;negative
mendukung;weaksubj;positive
menebus;weaksubj;positive
menegakkan;weaksubj;positive
menegaskan;weaksubj;positive
menegaskan lagi;weaksubj;positive
menegur;strongsubj;negative
menekan;strongsubj;negative
menekankan;strongsubj;negative
menelan;strongsubj;negative
menenangkan;strongsubj;positive
menentang;weaksubj;negative
menentu;weaksubj;negative
menentukan;weaksubj;positive
menerangi;strongsubj;positive
menerangkan;strongsubj;positive
menerima;strongsubj;positive
menerobos;strongsubj;positive
menertawakan;strongsubj;negative
menetes;weaksubj;negative
mengabaikan;weaksubj;negative
mengaburkan;strongsubj;negative
mengacak;strongsubj;negative
mengacaukan;strongsubj;negative
mengagetkan;strongsubj;positive
mengagumi;strongsubj;positive
mengagumkan;strongsubj;positive
mengagungkan;strongsubj;positive
mengajak;weaksubj;positive
mengakali;strongsubj;positive
mengaku;weaksubj;negative
mengakui;weaksubj;negative
mengalah;weaksubj;negative
mengalahkan;strongsubj;positive
mengalihkan;strongsubj;negative
mengambil alih;weaksubj;negative
mengamputasi;weaksubj;negative
mengamuk;strongsubj;negative
mengancam;weaksubj;negative
menganggap;strongsubj;positive
mengangkat;strongsubj;positive
menganiaya;strongsubj;negative
menganjurkan;weaksubj;positive
mengasyikan;strongsubj;positive
mengasyikkan;strongsubj;positive
mengatakan;weaksubj;negative
mengatasi;strongsubj;positive
mengebiri;strongsubj;negative
mengecam;strongsubj;negative
mengecewakan;weaksubj;negative
mengecilkan;strongsubj;negative
mengecoh;weaksubj;positive
mengejan;strongsubj;negative
mengejek;strongsubj;negative
mengejuntukan;weaksubj;negative
mengeksploitasi;strongsubj;negative
mengeluarkan;weaksubj;negative
mengeluh;weaksubj;negative
mengelupas;weaksubj;negative
mengembara;strongsubj;negative
mengemis;strongsubj;negative
mengendalikannya;weaksubj;positive
mengendapkan;weaksubj;negative
mengepung;strongsubj;negative
mengerang;strongsubj;negative
mengeras;strongsubj;negative
mengerdilkan;strongsubj;negative
mengerikan;weaksubj;negative
mengering;strongsubj;negative
mengerti;strongsubj;positive
mengerut;strongsubj;negative
mengesahkan;strongsubj;positive
mengesalkan;weaksubj;negative
mengesankan;weaksubj;positive
menggagalkan;weaksubj;negative
menggairahkan;weaksubj;positive
menggalakan;weaksubj;negative
menggampangkan;strongsubj;negative
mengganggu;weaksubj;negative
menggantikan;strongsubj;negative
menggantung;strongsubj;negative
menggaruk;strongsubj;negative
menggarut;strongsubj;negative
menggasak;strongsubj;negative
menggelapkan;strongsubj;negative
menggelegar;strongsubj;negative
menggelenyar;strongsubj;positive
menggelepar;strongsubj;negative
menggeliat-geliut;strongsubj;negative
menggelikan;weaksubj;positive
menggelisahkan;weaksubj;negative
menggelitik;weaksubj;positive
menggembirakan;weaksubj;positive
menggemparkan;strongsubj;positive
menggentari;strongsubj;negative
menggerakkan;weaksubj;negative
menggeram;strongsubj;negative
menggerenyet;weaksubj;negative
menggerogoti;strongsubj;negative
menggertak;strongsubj;negative
menggerutu;strongsubj;negative
menggetarkan;weaksubj;positive
menggigil;weaksubj;negative
menggigit;strongsubj;negative
menggila;strongsubj;negative
menggiling;strongsubj;negative
menggiurkan;weaksubj;positive
menggoda;weaksubj;positive
menggoyang;strongsubj;negative
menggugah;weaksubj;positive
menggugat;strongsubj;negative
menggugurkan;strongsubj;negative
menggulingkan;strongsubj;negative
menggusarkan;strongsubj;negative
menggusur;strongsubj;negative
menghadapi;strongsubj;negative
menghadiahkan;strongsubj;positive
menghalangi;strongsubj;negative
menghalau;strongsubj;negative
menghaluskan;strongsubj;positive
menghambat;strongsubj;negative
menghancurkan;strongsubj;negative
menghantui;weaksubj;negative
menghapus;strongsubj;negative
menghapuskan;strongsubj;negative
menghargai;strongsubj;positive
mengharukan;strongsubj;positive
menghasut;strongsubj;negative
menghebohkan;strongsubj;negative
mengherankan;strongsubj;positive
menghibur;strongsubj;positive
menghidupkan;weaksubj;positive
menghilangkan;strongsubj;negative
menghina;strongsubj;negative
menghinakan;strongsubj;negative
menghindari;weaksubj;negative
menghormat;strongsubj;positive
menghormati;strongsubj;positive
menghujat;strongsubj;negative
menghujatnya;strongsubj;negative
menghukum;weaksubj;negative
mengidealkan;strongsubj;positive
mengidolakan;weaksubj;positive
mengigau;weaksubj;negative
mengikis;weaksubj;negative
mengilhami;strongsubj;positive
mengindoktrinasikan;strongsubj;negative
menginginkan;strongsubj;positive
mengingkari;strongsubj;negative
menginjak-injak;strongsubj;negative
mengintai;strongsubj;negative
mengintimidasi;strongsubj;negative
mengintip;strongsubj;negative
mengisap;weaksubj;negative
mengisyaratkan;strongsubj;positive
mengkhawatirkan;weaksubj;negative
mengkhianati;strongsubj;negative
mengkritik;weaksubj;negative
mengoceh;weaksubj;negative
mengolesi;weaksubj;negative
mengolok-olok;strongsubj;negative
mengomel;strongsubj;negative
mengorbankan;strongsubj;negative
mengotori;strongsubj;negative
mengotorkan;strongsubj;negative
mengoyakkan;weaksubj;negative
menguak;weaksubj;negative
menguap;weaksubj;negative
menguasai;strongsubj;positive
mengucapkan;strongsubj;positive
mengumpat;weaksubj;negative
mengundang;weaksubj;positive
mengungguli;strongsubj;positive
menguntungkan;strongsubj;positive
mengurangi;strongsubj;negative
menguras;weaksubj;negative
mengurus;strongsubj;positive
mengusir;strongsubj;negative
mengutuk;strongsubj;negative
meniadakan;strongsubj;negative
menidurkan;strongsubj;negative
menikmati;strongsubj;positive
menimbulkan;weaksubj;positive
menimpa;strongsubj;negative
menindas;strongsubj;negative
meninggal;strongsubj;negative
meninggalkan;strongsubj;negative
meninggikan;strongsubj;positive
meningkat;strongsubj;positive
meningkatkan;strongsubj;positive
meninju;weaksubj;negative
menipu;weaksubj;negative
meniru;strongsubj;negative
menitipkan;weaksubj;positive
menitis;strongsubj;negative
menjamin;strongsubj;positive
menjanjikan;strongsubj;positive
menjarah;strongsubj;negative
menjatuhkan;strongsubj;negative
menjauhkan;strongsubj;negative
menjelekkan;strongsubj;negative
menjemukan;strongsubj;negative
menjengkelkan;strongsubj;negative
menjerat;strongsubj;negative
menjerit;weaksubj;negative
menjijikkan;strongsubj;negative
menjiplak;strongsubj;negative
menodai;strongsubj;negative
menohok;strongsubj;negative
menolak;strongsubj;negative
menonjol;weaksubj;positive
mentah;weaksubj;negative
mentereng;weaksubj;positive
menuduh;strongsubj;negative
menumbangkan;strongsubj;negative
menumpahkan;strongsubj;negative
menunda;strongsubj;negative
menunduk;strongsubj;negative
menundukkan;strongsubj;negative
menunjukkan gejala;weaksubj;positive
menuntut;strongsubj;negative
menurun;weaksubj;negative
menurunkan;weaksubj;negative
menusuk;strongsubj;negative
menutup;strongsubj;negative
menyaingi;strongsubj;negative
menyakiti;strongsubj;negative
menyakitkan;strongsubj;negative
menyala;strongsubj;negative
menyalahgunakan;weaksubj;negative
menyalahkan;strongsubj;negative
menyalip;weaksubj;positive
menyambut;strongsubj;positive
menyangkal;strongsubj;negative
menyangsikan;strongsubj;negative
menyanjung;strongsubj;positive
menyapa;strongsubj;negative
menyaring;strongsubj;positive
menyayangi;strongsubj;positive
menyayangkan;weaksubj;negative
menyayat;weaksubj;negative
menyebalkan;weaksubj;negative
menyederhanakan;weaksubj;positive
menyedihkan;weaksubj;negative
menyegarkan;strongsubj;positive
menyelaraskan;weaksubj;positive
menyelesaikan;strongsubj;positive
menyelinap;strongsubj;negative
menyembuhkan;strongsubj;positive
menyembunyikan;strongsubj;negative
menyenangkan;weaksubj;positive
menyengat;strongsubj;negative
menyentakkan;weaksubj;negative
menyerah;weaksubj;negative
menyerahkan;weaksubj;positive
menyeramkan;weaksubj;negative
menyerang;strongsubj;negative
menyerbu;strongsubj;negative
menyeret;weaksubj;negative
menyeringai;strongsubj;positive
menyesali;strongsubj;negative
menyesalkan;strongsubj;negative
menyesatkan;strongsubj;negative
menyetujui;strongsubj;positive
menyia-nyiakan;weaksubj;negative
menyiangi;strongsubj;negative
menyihir;weaksubj;negative
menyiksa;strongsubj;negative
menyilaukan;strongsubj;negative
menyimpang;strongsubj;negative
menyindir;strongsubj;negative
menyinggung;strongsubj;negative
menyita pikiran;strongsubj;negative
menyolok;strongsubj;positive
menyombongkan;strongsubj;negative
menyuap;strongsubj;negative
menyubsidi;strongsubj;positive
menyukai;strongsubj;positive
menyumbat;strongsubj;negative
menyumpahi;strongsubj;negative
menyusahkan;weaksubj;negative
menyusul;strongsubj;positive
menyusup;strongsubj;negative
menyusut;strongsubj;negative
meracuni;strongsubj;negative
meragukan;strongsubj;negative
merajalela;strongsubj;negative
merajuk;strongsubj;negative
merampas;strongsubj;negative
merana;strongsubj;negative
merancang;weaksubj;negative
merangsang;weaksubj;positive
merasa jijik;weaksubj;negative
merata;weaksubj;negative
meratap;weaksubj;negative
meratapi;weaksubj;negative
meraup;strongsubj;negative
merayakan;strongsubj;positive
merayap;weaksubj;negative
merayu;strongsubj;positive
merebut;weaksubj;negative
mereda;strongsubj;positive
mereformasi;strongsubj;positive
merekomendasikan;strongsubj;positive
merelakan;strongsubj;positive
meremajakan;strongsubj;positive
meremas;strongsubj;negative
meremehkan;strongsubj;negative
merencanakan;strongsubj;negative
merendahkan;strongsubj;negative
merendahkan ;strongsubj;negative
merengek;strongsubj;negative
merenung;weaksubj;positive
merepet;strongsubj;negative
meresahkan;strongsubj;negative
merespon;strongsubj;positive
meretas;strongsubj;negative
merevitalisasi;strongsubj;positive
merevolusi;strongsubj;positive
merevolusionerkan;strongsubj;positive
meriangkan;strongsubj;positive
merinding;weaksubj;negative
meringankan;strongsubj;positive
meringis;strongsubj;negative
merobek;weaksubj;negative
merokok;weaksubj;negative
meromantiskan;weaksubj;positive
merongrong;strongsubj;negative
merosot;strongsubj;negative
merugikan;strongsubj;negative
merusak;strongsubj;negative
merusakkan;strongsubj;negative
mewah;strongsubj;positive
meyakinkan;strongsubj;positive
milik;weaksubj;negative
mimpi buruk;weaksubj;negative
minim resiko;strongsubj;positive
miring;strongsubj;negative
misinformasi;strongsubj;negative
miskin;strongsubj;negative
misteri;strongsubj;negative
misterius;strongsubj;negative
mitos;strongsubj;negative
modern;weaksubj;positive
modis;weaksubj;positive
modus;strongsubj;negative
momok;weaksubj;negative
montok;weaksubj;positive
monumental;weaksubj;positive
moralitas;strongsubj;positive
mubazir;weaksubj;negative
muda;strongsubj;positive
mudah;strongsubj;positive
mujarab;strongsubj;positive
mukjizat;strongsubj;positive
mulia;strongsubj;positive
multi-polarisasi;strongsubj;negative
mulus;weaksubj;positive
munafik;strongsubj;negative
mundur;weaksubj;negative
mungil;weaksubj;negative
mungkir;weaksubj;negative
muntah;strongsubj;negative
muntahan;strongsubj;negative
muntahan ;strongsubj;negative
murah;strongsubj;positive
murahan;strongsubj;negative
muram;strongsubj;negative
murka;strongsubj;negative
murni;strongsubj;positive
murtad;strongsubj;negative
murung;strongsubj;negative
muslihat;strongsubj;negative
muslimah;strongsubj;positive
mustahil;strongsubj;negative
mustajab;strongsubj;positive
musuh;strongsubj;negative
mutakhir;strongsubj;positive
mutu;strongsubj;positive
nabung;weaksubj;positive
nafsu;strongsubj;negative
nafsu ;strongsubj;negative
naif;weaksubj;negative
naik;strongsubj;positive
najis;strongsubj;negative
nakal;strongsubj;negative
nasehati ;strongsubj;negative
nasib;weaksubj;positive
ndeso;weaksubj;negative
negatif;strongsubj;negative
nekat;strongsubj;negative
nenek;strongsubj;negative
nepotisme;strongsubj;negative
neraka;weaksubj;negative
neurotik;weaksubj;negative
ngaco;weaksubj;negative
ngambek;weaksubj;negative
ngatur;strongsubj;negative
ngawur;strongsubj;negative
ngehe;strongsubj;negative
ngelantur;strongsubj;negative
ngeluarin;strongsubj;negative
ngentot;strongsubj;negative
ngeri;strongsubj;negative
ngobrol;strongsubj;negative
ngomel;strongsubj;negative
niat busuk;strongsubj;negative
nikmat;strongsubj;positive
nikmatin;strongsubj;positive
noda;strongsubj;negative
noda-noda;strongsubj;negative
non-aktif;strongsubj;negative
non-kekerasan;strongsubj;positive
non-keyakinan;strongsubj;negative
nyaman;strongsubj;positive
nyaring;strongsubj;positive
nyengir;strongsubj;negative
nyeri;strongsubj;negative
nyinyir;strongsubj;negative
nyonya;weaksubj;negative
obat bius;strongsubj;negative
obrolan;strongsubj;negative
obsesi;weaksubj;positive
obsesif;strongsubj;negative
obyek;strongsubj;negative
ocehan;strongsubj;negative
ogah-ogahan;strongsubj;negative
omdo;strongsubj;negative
omelan;strongsubj;negative
omong ;weaksubj;negative
omongan;weaksubj;negative
onar;strongsubj;negative
oportunistik;weaksubj;negative
oposisi;strongsubj;negative
optimal;weaksubj;positive
optimis;weaksubj;positive
optimisme;weaksubj;positive
orak;strongsubj;negative
otak udang;strongsubj;negative
otokrat;weaksubj;negative
otokratis;strongsubj;negative
otoriter;weaksubj;positive
overakting;strongsubj;negative
padat;strongsubj;positive
pagar;strongsubj;negative
pagi;strongsubj;positive
pahala;weaksubj;positive
paham;weaksubj;negative
pahit;weaksubj;negative
pahlawan;strongsubj;positive
paksa ;strongsubj;negative
paksaan;strongsubj;negative
palsu;strongsubj;negative
panas;strongsubj;negative
panci;strongsubj;negative
pandai;strongsubj;positive
pandangan marah;strongsubj;negative
panggilan;strongsubj;negative
panik;strongsubj;negative
panjang;strongsubj;negative
panorama;weaksubj;positive
pantas;weaksubj;positive
paradoks;strongsubj;negative
paradoksal;weaksubj;negative
parah;weaksubj;negative
paranoia;weaksubj;negative
paranoid;strongsubj;negative
parasit;strongsubj;negative
paria;strongsubj;negative
parno;weaksubj;negative
parodi;weaksubj;negative
partisan;strongsubj;negative
pasien;weaksubj;positive
pasif;strongsubj;negative
pasrah;weaksubj;negative
pasti;strongsubj;positive
pasukan;weaksubj;positive
patah;strongsubj;negative
patriot;strongsubj;positive
patriotik;strongsubj;positive
patuh;strongsubj;positive
patung;strongsubj;negative
payah;strongsubj;negative
payah ;weaksubj;negative
payudara;strongsubj;negative
pecah;weaksubj;negative
pecahnya;strongsubj;negative
pecandu;strongsubj;negative
pecat;strongsubj;negative
pecundang;strongsubj;negative
pedas;strongsubj;negative
pedih;strongsubj;negative
peduli;strongsubj;positive
peka;weaksubj;positive
pelabuhan;weaksubj;negative
pelacur;strongsubj;negative
pelacuran;strongsubj;negative
pelakunya;strongsubj;negative
pelalaian;strongsubj;negative
pelamun;weaksubj;positive
pelan-pelan;weaksubj;negative
pelanggar;strongsubj;negative
pelanggar ;strongsubj;negative
pelanggaran;strongsubj;negative
pelanggaran ;strongsubj;negative
pelawak;weaksubj;negative
pelemahan;weaksubj;negative
pelepasan ;strongsubj;negative
pelindung;strongsubj;positive
pelit;strongsubj;negative
pelonggaran;weaksubj;positive
pelupa;weaksubj;negative
pemabuk;strongsubj;negative
pemalas;strongsubj;negative
pemalsuan;strongsubj;negative
pemarah;strongsubj;negative
pembakar;strongsubj;negative
pembakaran;strongsubj;negative
pembalasan;strongsubj;negative
pembangkang;strongsubj;negative
pembangkangan;strongsubj;negative
pembantaian;strongsubj;negative
pembaruan;strongsubj;positive
pembatalan;weaksubj;negative
pembaur;strongsubj;negative
pembebasan;strongsubj;positive
pembekuan;weaksubj;negative
pembela;weaksubj;positive
pembenci;weaksubj;negative
pembengkakan;strongsubj;negative
pemberang;strongsubj;negative
pemberdayaan;strongsubj;positive
pemberian;weaksubj;positive
pemberontakan;strongsubj;negative
pembersih;strongsubj;positive
pembetulan;weaksubj;positive
pembobolan;strongsubj;negative
pembohong;strongsubj;negative
pembongkar;strongsubj;negative
pemborosan;strongsubj;negative
pembual;strongsubj;negative
pembuangan;weaksubj;negative
pembuatan;weaksubj;negative
pembubaran;weaksubj;negative
pembunuh;weaksubj;negative
pembunuhan;weaksubj;negative
pembunuhan ;strongsubj;negative
pemecah;strongsubj;positive
pemecahan;weaksubj;negative
pemegatan;strongsubj;negative
pemenang;strongsubj;positive
pemenuhan;strongsubj;positive
pemerasan;strongsubj;negative
pemerkosaan;weaksubj;negative
pemfitnah;weaksubj;negative
pemfitnahan;strongsubj;negative
pemilih;strongsubj;negative
pemimpin;weaksubj;positive
pemisahan;strongsubj;negative
pemotongan;strongsubj;negative
pemukulan;strongsubj;negative
pemulihan;strongsubj;positive
pemusnahan;strongsubj;negative
pemutarbalikan;strongsubj;negative
penaklukan;weaksubj;negative
penakut;weaksubj;negative
penalti;weaksubj;negative
penampilan;strongsubj;positive
penangkapan;strongsubj;negative
pencegah;weaksubj;negative
pencemar;strongsubj;negative
pencemas;weaksubj;negative
pencerahan;strongsubj;positive
pencinta;strongsubj;positive
pencitraan;strongsubj;negative
pencuri;strongsubj;negative
pencurian;strongsubj;negative
pendam;strongsubj;negative
pendapat;weaksubj;negative
pendek;weaksubj;negative
pendendam;weaksubj;negative
penderita;weaksubj;negative
penderitaan;weaksubj;negative
penderitaan ;weaksubj;negative
pendewaan;weaksubj;positive
pendosa;weaksubj;negative
pendukung;weaksubj;positive
penebusan;weaksubj;positive
penegasan;weaksubj;positive
penekanan;strongsubj;negative
penerima;strongsubj;positive
pengabaian;strongsubj;negative
pengacara;weaksubj;negative
pengacau;strongsubj;negative
pengaduan;strongsubj;negative
pengagum;strongsubj;positive
pengakuan;weaksubj;negative
pengampunan;strongsubj;positive
pengamuk;strongsubj;negative
penganggur;strongsubj;negative
pengangguran;strongsubj;negative
pengangkatan;strongsubj;positive
penganiaya;strongsubj;negative
penganiayaan;strongsubj;negative
pengap;weaksubj;negative
pengaruh;strongsubj;positive
pengasih;weaksubj;positive
pengasingan;weaksubj;negative
pengasuhan;strongsubj;positive
pengeboman;strongsubj;negative
pengecualian;weaksubj;negative
pengecut;strongsubj;negative
pengembalian;strongsubj;positive
pengembangan;strongsubj;positive
pengemis;strongsubj;negative
pengenaan;weaksubj;negative
pengepungan;strongsubj;negative
pengeringan;weaksubj;negative
pengganggu;strongsubj;negative
penggemar;strongsubj;positive
penggerutu;weaksubj;negative
penghancuran;strongsubj;negative
pengharapan;strongsubj;positive
penghargaan;strongsubj;positive
penghasut;strongsubj;negative
penghemat;strongsubj;positive
penghematan;strongsubj;positive
penghiburan;strongsubj;positive
penghinaan;strongsubj;negative
penghindaran;strongsubj;negative
penghormatan;strongsubj;positive
penghujatan;strongsubj;negative
penghukuman;strongsubj;negative
pengingatan;strongsubj;negative
pengingkaran;strongsubj;negative
pengkhianat;strongsubj;negative
pengkhianatan;strongsubj;negative
pengkritik;weaksubj;negative
pengobrol;weaksubj;negative
pengotor;strongsubj;negative
pengrusakan;strongsubj;negative
penguasaan;weaksubj;positive
pengumpatan;strongsubj;negative
pengunduran ;weaksubj;negative
pengurangan;strongsubj;negative
pengusir;weaksubj;negative
penindas;strongsubj;negative
penindasan;strongsubj;negative
peninggian derajat;strongsubj;positive
peningkatan;strongsubj;positive
penipu;strongsubj;positive
penipuan;weaksubj;negative
penista;strongsubj;negative
penjaga;strongsubj;positive
penjahat;strongsubj;negative
penjara;weaksubj;negative
penjara ;weaksubj;negative
penjarah;strongsubj;negative
penjualan terbaik;weaksubj;positive
penolakan;strongsubj;negative
penolong;strongsubj;positive
penting;weaksubj;positive
penuh;strongsubj;positive
penumpasan;strongsubj;negative
penundaan;weaksubj;negative
penurunan;strongsubj;negative
penurut;weaksubj;negative
penyadap;strongsubj;negative
penyakit;strongsubj;negative
penyakit ;strongsubj;negative
penyalahgunaan;strongsubj;negative
penyangkalan;strongsubj;negative
penyayang;strongsubj;positive
penyelamat;strongsubj;positive
penyelesaian;strongsubj;positive
penyelewengan;strongsubj;negative
penyelundupan;strongsubj;negative
penyembunyian;weaksubj;negative
penyendiri;weaksubj;negative
penyerbu;weaksubj;negative
penyergapan;strongsubj;negative
penyesalan;weaksubj;negative
penyesat;strongsubj;negative
penyesatan;strongsubj;negative
penyiksaan;strongsubj;negative
penyimpang;strongsubj;negative
penyimpangan;strongsubj;negative
penyisihan;weaksubj;negative
penyok;weaksubj;negative
penyuapan;strongsubj;negative
penyuburan;weaksubj;positive
penyusup;strongsubj;negative
peot;strongsubj;negative
peradangan;strongsubj;negative
perampas;strongsubj;negative
perampasan;strongsubj;negative
perangkap;strongsubj;negative
perasaan;weaksubj;positive
perawan ;weaksubj;negative
perayaan;weaksubj;positive
perbaikan;strongsubj;positive
perbedaan;weaksubj;positive
perbuatan ;weaksubj;negative
perbudakan;weaksubj;negative
percaya;strongsubj;positive
perdamaian;strongsubj;positive
perdana menteri;weaksubj;positive
perdarahan;weaksubj;negative
perduli;strongsubj;positive
perebut;weaksubj;negative
pergolakan;weaksubj;negative
perhatian;strongsubj;positive
periang;strongsubj;positive
perih;strongsubj;negative
peringatan;strongsubj;negative
perjanjian;weaksubj;positive
perjuangan;strongsubj;negative
perkara;strongsubj;negative
perkelahian;strongsubj;negative
perkosa;strongsubj;negative
perlakuan ;strongsubj;negative
perlawanan;weaksubj;positive
perlindungan;strongsubj;positive
perlu;weaksubj;positive
permai;weaksubj;positive
permata;weaksubj;positive
permohonan;strongsubj;negative
permusuhan;strongsubj;negative
perpecahan;strongsubj;negative
persahabatan;strongsubj;positive
persaingan;strongsubj;negative
persatuan;strongsubj;positive
perselisihan;strongsubj;negative
persetujuan;strongsubj;positive
persik;strongsubj;positive
personalisasi;weaksubj;positive
pertama;strongsubj;positive
pertempuran;strongsubj;negative
pertengkaran;strongsubj;negative
pertengkaran ;weaksubj;negative
pertentangan;weaksubj;negative
pertikaian;strongsubj;negative
pertumbuhan;strongsubj;positive
pertumpahan ;strongsubj;negative
pertunjukkan;weaksubj;negative
perubahan;weaksubj;negative
perusak;weaksubj;negative
pesan;weaksubj;positive
pesimis;strongsubj;negative
pesimisme;strongsubj;negative
pesimistis;weaksubj;negative
pesona;strongsubj;positive
pesuruh;strongsubj;negative
petualang;strongsubj;positive
petualangan;strongsubj;negative
phk;strongsubj;negative
piala;strongsubj;positive
picik;strongsubj;negative
picketed;weaksubj;negative
pidana;weaksubj;negative
piket;weaksubj;negative
pikiran-bertiup;strongsubj;positive
pikun;weaksubj;negative
pilih-pilih;weaksubj;negative
pilihan;strongsubj;positive
pincang;strongsubj;negative
pingsan;strongsubj;negative
pintar;strongsubj;positive
pisah;strongsubj;negative
pisau;strongsubj;negative
piuh;strongsubj;negative
pki;strongsubj;negative
plin-plan;strongsubj;negative
plus;strongsubj;positive
polusi;strongsubj;negative
populer;strongsubj;positive
porno;strongsubj;negative
pornografi;strongsubj;negative
portabel;strongsubj;positive
positif;strongsubj;positive
potensi;strongsubj;positive
praktis;strongsubj;positive
prasangka;strongsubj;negative
pratfall;weaksubj;negative
preferensi;strongsubj;positive
preman;strongsubj;negative
prestasi;strongsubj;positive
prihatin;weaksubj;negative
primitif;weaksubj;negative
pro;strongsubj;positive
proaktif;strongsubj;positive
prodigi;strongsubj;positive
produktif;strongsubj;positive
progresif;strongsubj;positive
promotor;strongsubj;positive
propaganda;weaksubj;negative
protes;strongsubj;negative
provokasi;strongsubj;negative
provokatif;strongsubj;negative
provokator;strongsubj;negative
puas;strongsubj;positive
pucat;weaksubj;negative
puitis;weaksubj;positive
pujian;strongsubj;positive
pukul;strongsubj;negative
pukulan;strongsubj;negative
pulih;strongsubj;positive
punah;strongsubj;negative
puncak;weaksubj;positive
punggung;weaksubj;positive
pungli;strongsubj;negative
punk;strongsubj;negative
pura;strongsubj;negative
pura-pura;strongsubj;negative
pura pura;strongsubj;negative
pusing;strongsubj;negative
putus;strongsubj;negative
putus asa;strongsubj;negative
racun;strongsubj;negative
radikal;strongsubj;negative
radikalisasi;strongsubj;negative
ragu;strongsubj;negative
ragu-ragu;strongsubj;negative
rahmat;strongsubj;positive
rajin;weaksubj;positive
rak;weaksubj;positive
raksasa;strongsubj;negative
rakus;weaksubj;negative
ramah;weaksubj;positive
ramah ;weaksubj;positive
ramai;weaksubj;negative
rampasan;strongsubj;negative
rampok;weaksubj;negative
rangsang;strongsubj;positive
rantingly;strongsubj;negative
rants;strongsubj;negative
rapi;strongsubj;positive
rapuh;strongsubj;negative
rasa ;strongsubj;positive
rasional;strongsubj;positive
rasis;weaksubj;negative
rasisme;strongsubj;negative
rasulullah;strongsubj;positive
rata;strongsubj;positive
reaksioner;strongsubj;negative
realisasi;strongsubj;positive
realistis;strongsubj;positive
rebusan;weaksubj;negative
redundansi;strongsubj;negative
redup;strongsubj;negative
reformasi;strongsubj;positive
rekomendasi;strongsubj;positive
rela;strongsubj;positive
relevan;strongsubj;negative
remang;strongsubj;negative
remang-remang;strongsubj;negative
remeh;strongsubj;negative
remeh-temeh;strongsubj;negative
remehkan;strongsubj;negative
rendah;strongsubj;negative
rendahan;strongsubj;negative
rentan;weaksubj;negative
represi;weaksubj;negative
represif;weaksubj;negative
reputasi;weaksubj;positive
reruntuhan;strongsubj;negative
resah;strongsubj;negative
reseptif;strongsubj;positive
resesi;strongsubj;negative
resiko;strongsubj;negative
resmi;strongsubj;positive
responsif;strongsubj;positive
restrukturisasi;weaksubj;positive
retak;strongsubj;negative
retorik;strongsubj;negative
retoris;strongsubj;negative
revolusioner;weaksubj;positive
rewel;strongsubj;negative
reyot;strongsubj;negative
rezeki;strongsubj;positive
ria;strongsubj;positive
riang;strongsubj;positive
ribet;strongsubj;negative
ribut;strongsubj;negative
ringan;strongsubj;positive
ringkas;strongsubj;positive
rintik;strongsubj;negative
risiko;weaksubj;negative
riuh;strongsubj;negative
roboh;weaksubj;negative
rohani;strongsubj;positive
rokstar;weaksubj;positive
romantis;strongsubj;positive
rongsokan;strongsubj;negative
rontok;strongsubj;negative
ruam;strongsubj;negative
rujuk;weaksubj;positive
rumit;weaksubj;positive
rumor;strongsubj;negative
runtuh;strongsubj;negative
rusak;strongsubj;negative
rusuh;strongsubj;negative
sabar;strongsubj;positive
sabotase;weaksubj;negative
sadar;weaksubj;positive
sah;strongsubj;positive
sakit;strongsubj;negative
sakit-dibentuk;strongsubj;negative
sakit-didefinisikan;strongsubj;negative
sakit-digunakan;strongsubj;negative
sakit-dipahami;strongsubj;negative
sakit-penggunaan;strongsubj;negative
sakitan;strongsubj;negative
sakitnya ;strongsubj;negative
salah;strongsubj;negative
saleh;strongsubj;positive
salut;strongsubj;positive
samar;strongsubj;negative
samaran;strongsubj;negative
sambilan;strongsubj;negative
sampah;strongsubj;negative
sandera;strongsubj;negative
sanggahan;strongsubj;negative
sanggup;weaksubj;positive
sanjungan;strongsubj;positive
sanksi;strongsubj;negative
sarankan;weaksubj;positive
sarkasme;strongsubj;negative
sarkastik;strongsubj;negative
saru;weaksubj;negative
satir;weaksubj;negative
satiris;weaksubj;negative
satu;strongsubj;positive
sayang;strongsubj;positive
sayangnya;weaksubj;negative
sebanding;weaksubj;positive
seburuk;strongsubj;negative
secara;weaksubj;positive
secepatnya;strongsubj;positive
sedekah;strongsubj;positive
sederhana;strongsubj;positive
sedih;weaksubj;negative
sedikit;strongsubj;negative
segala;weaksubj;positive
segan;strongsubj;negative
segar;strongsubj;positive
segera;weaksubj;positive
sehat;strongsubj;positive
seimbang;strongsubj;positive
sejajar;weaksubj;negative
seksi;strongsubj;positive
selai;weaksubj;negative
selamat;strongsubj;positive
selang;weaksubj;negative
selayaknya;weaksubj;positive
selektif;strongsubj;positive
selendang;weaksubj;negative
selesai;strongsubj;positive
selingan;weaksubj;negative
selingkuh;weaksubj;negative
selokan;weaksubj;negative
semakin;strongsubj;positive
semangat;strongsubj;positive
sembarangan;strongsubj;negative
sembrono;strongsubj;negative
semburan;strongsubj;negative
sementara;weaksubj;negative
semoga;weaksubj;positive
sempit;strongsubj;negative
sempurna;strongsubj;positive
semrawut;strongsubj;negative
semuanya;weaksubj;positive
senang;strongsubj;positive
sendirian;strongsubj;negative
sengaja;weaksubj;positive
sengit;strongsubj;negative
senonoh;weaksubj;negative
sensasi;weaksubj;positive
sensasional;weaksubj;positive
sensasionil;strongsubj;negative
sentakan;strongsubj;negative
sentimen;strongsubj;negative
senyum;strongsubj;positive
sepakan;strongsubj;negative
sepakat;strongsubj;positive
sepanjang;weaksubj;positive
sepantasnya;weaksubj;positive
sepatutnya;weaksubj;positive
sepele;strongsubj;positive
sepenuh;weaksubj;positive
seperti;weaksubj;positive
seperti malaikat;strongsubj;positive
seperti patung;weaksubj;positive
seperti raja;weaksubj;positive
serakah;strongsubj;negative
seram;strongsubj;negative
serampangan;strongsubj;negative
serang;strongsubj;negative
serangan;strongsubj;negative
serba cepat;weaksubj;positive
serba guna;strongsubj;positive
seret;strongsubj;negative
serius;strongsubj;negative
serong;strongsubj;negative
serukan;strongsubj;positive
sesak napas;weaksubj;positive
sesal;strongsubj;negative
sesat;strongsubj;negative
sesuai;weaksubj;positive
sesungguhnya;weaksubj;positive
setan;strongsubj;negative
setengah;strongsubj;negative
setia;strongsubj;positive
setimpal;strongsubj;positive
setuju;weaksubj;positive
sewajarnya;weaksubj;positive
sewenang-wenang;weaksubj;negative
shalat;strongsubj;positive
shamefulness;weaksubj;negative
shamelessness;strongsubj;negative
sia;strongsubj;negative
sia-sia;strongsubj;negative
sial;strongsubj;negative
sialan;strongsubj;negative
siap;weaksubj;positive
sigap;strongsubj;positive
sih;weaksubj;negative
sihir;strongsubj;positive
siksaan;strongsubj;negative
silakan;weaksubj;positive
silau;weaksubj;positive
simpatisan;strongsubj;positive
sindiran;strongsubj;negative
sindroma;strongsubj;negative
singgung;strongsubj;negative
singkat;strongsubj;negative
sinis;weaksubj;negative
sinisme;weaksubj;negative
sinting;strongsubj;negative
siput;strongsubj;negative
sirep;strongsubj;negative
sisa-sisa;strongsubj;negative
sisi bawah;strongsubj;negative
sisi buta;strongsubj;negative
siuman;strongsubj;negative
skandal;strongsubj;negative
skeptis;strongsubj;negative
sobek;strongsubj;negative
sok;strongsubj;negative
solidaritas;strongsubj;positive
sombong;strongsubj;negative
sopan;strongsubj;positive
sorak;strongsubj;positive
sorak kegirangan;strongsubj;positive
sosial;weaksubj;positive
spektakuler;strongsubj;positive
spontan;weaksubj;positive
sporadis;strongsubj;negative
sporty;weaksubj;positive
stabil;strongsubj;positive
stabilitas;weaksubj;positive
stagnasi;weaksubj;negative
statis;strongsubj;negative
steal;strongsubj;negative
stereotip;strongsubj;negative
stres;strongsubj;negative
suam;strongsubj;negative
suap;strongsubj;negative
suar;strongsubj;negative
subhanallah;strongsubj;positive
subsidi;weaksubj;positive
substantif;weaksubj;positive
subur;strongsubj;positive
subversif;strongsubj;negative
suci;strongsubj;positive
suka;strongsubj;positive
sukacita;strongsubj;positive
sukar;strongsubj;negative
sukses;strongsubj;positive
sulit;weaksubj;negative
sulitnya;strongsubj;negative
sumbang;weaksubj;negative
sundal;strongsubj;negative
sungguh;strongsubj;positive
sungguh-sungguh;weaksubj;positive
super;weaksubj;positive
supremasi;weaksubj;positive
suram;weaksubj;negative
surealis;weaksubj;positive
surga;strongsubj;positive
surgawi;strongsubj;positive
susah;strongsubj;negative
susahkan;strongsubj;negative
swasembada;strongsubj;positive
swatantra;weaksubj;positive
syok;strongsubj;negative
syukur;strongsubj;positive
taat;strongsubj;positive
tabah;strongsubj;positive
tabir ;strongsubj;negative
tabu;strongsubj;negative
tabungan;weaksubj;positive
tahan;strongsubj;positive
tahanan;strongsubj;negative
tahayul;strongsubj;negative
tahi;strongsubj;negative
tahik;strongsubj;negative
tahu;weaksubj;positive
tai;strongsubj;negative
tajam;strongsubj;negative
taji;strongsubj;negative
takdir;weaksubj;positive
takhyul;strongsubj;negative
takjub;strongsubj;positive
takut;strongsubj;negative
takzim;weaksubj;positive
tamah;strongsubj;positive
tamak;strongsubj;negative
tampak;weaksubj;positive
tampan;strongsubj;positive
tamparan;strongsubj;negative
tanda;weaksubj;positive
tandus;strongsubj;negative
tangan;weaksubj;positive
tanggapi;weaksubj;positive
tangkap;weaksubj;positive
tangkas;strongsubj;positive
tantangan;strongsubj;negative
taranya;weaksubj;positive
tarik;weaksubj;positive
tattoo;strongsubj;negative
tawanan;strongsubj;negative
tawar;weaksubj;positive
tawaran;weaksubj;positive
tawuran;strongsubj;negative
tebal;strongsubj;negative
tegang;strongsubj;negative
tegar;weaksubj;positive
tegas;strongsubj;positive
teguh;strongsubj;positive
teguran;strongsubj;negative
tekanan;strongsubj;negative
teladan;strongsubj;positive
telah;weaksubj;positive
telanjang;strongsubj;negative
telat;strongsubj;negative
teliti;strongsubj;positive
teliti ;strongsubj;negative
temanmu;strongsubj;positive
tenaga;weaksubj;positive
tenang;strongsubj;positive
tenggelam;strongsubj;negative
tenggelamnya;strongsubj;negative
tengkar;strongsubj;negative
tepat;strongsubj;positive
tepuk;weaksubj;positive
ter bodohi;strongsubj;negative
ter kasiani;strongsubj;negative
teralihkan;strongsubj;negative
teramat;strongsubj;negative
teramati;strongsubj;negative
terampil;strongsubj;positive
terang;strongsubj;positive
terang-terangan;strongsubj;negative
terangsang;strongsubj;negative
teranyar;weaksubj;positive
terarah;strongsubj;positive
terasing;strongsubj;negative
terbaca;strongsubj;positive
terbaik;strongsubj;positive
terbalik;weaksubj;negative
terbandingkan;strongsubj;negative
terbantahkan;strongsubj;negative
terbaru;strongsubj;positive
terbatas;weaksubj;positive
terbawah;weaksubj;negative
terbayangkan;weaksubj;negative
terbelakang;weaksubj;negative
terbersih;strongsubj;positive
terbesar;strongsubj;positive
terbodoh;weaksubj;negative
terbodohi;strongsubj;negative
terbuang;strongsubj;negative
terbujuk;strongsubj;negative
terbuka;strongsubj;positive
terbukti;strongsubj;positive
terbunuh;strongsubj;negative
terburu ;weaksubj;negative
terburuk;strongsubj;negative
tercapai;strongsubj;positive
tercela;strongsubj;negative
tercemar;strongsubj;negative
tercepat;strongsubj;positive
tercinta;strongsubj;positive
terdaftar;weaksubj;positive
terdamaikan;strongsubj;positive
terdefinisi;weaksubj;negative
terdelusi;strongsubj;negative
terdengar;weaksubj;positive
terdepan;strongsubj;positive
terduga;weaksubj;negative
terelakkan;weaksubj;positive
terencana;weaksubj;negative
terfragmentasi;weaksubj;negative
tergagap;strongsubj;negative
terganggu;strongsubj;negative
tergantikan;weaksubj;positive
tergenang;strongsubj;negative
tergesa-gesa;strongsubj;negative
terhalang;strongsubj;negative
terhambat;strongsubj;negative
terhina;strongsubj;negative
terhindarkan;strongsubj;positive
terhormat;strongsubj;positive
terhukum;strongsubj;negative
teriakan;strongsubj;negative
terik;strongsubj;negative
terima;strongsubj;positive
terima kasih;strongsubj;positive
terinfeksi;strongsubj;negative
terinfestasi;strongsubj;negative
terjaga;strongsubj;positive
terjal;strongsubj;negative
terjamin;strongsubj;positive
terjangan;strongsubj;negative
terjangkau;strongsubj;positive
terjawab;weaksubj;negative
terjelek;weaksubj;negative
terkafir;weaksubj;negative
terkalahkan;weaksubj;negative
terkasiani;weaksubj;negative
terkejar;weaksubj;positive
terkejut;strongsubj;positive
terkemuka;strongsubj;positive
terkena;strongsubj;negative
terkenal;strongsubj;positive
terkendali;strongsubj;positive
terkendalikan;strongsubj;positive
terkesima;strongsubj;negative
terkuak;strongsubj;negative
terkuat;strongsubj;positive
terkulai;weaksubj;negative
terkutuk;strongsubj;negative
terlaksana;weaksubj;positive
terlalu;strongsubj;negative
terlambat;weaksubj;negative
terlantar;weaksubj;negative
terlarang;weaksubj;negative
terlepas;weaksubj;negative
terlibat;weaksubj;negative
terluka;strongsubj;negative
terlupakan;strongsubj;negative
termiskin;strongsubj;negative
termotivasi;weaksubj;positive
termudah;strongsubj;positive
termurah;strongsubj;positive
ternilai;strongsubj;positive
ternoda;weaksubj;negative
terobati;strongsubj;positive
terobosan;strongsubj;positive
terompet;strongsubj;positive
teror;weaksubj;negative
terorirs;weaksubj;negative
terorisme;weaksubj;negative
terpadu;strongsubj;positive
terpaksa;strongsubj;negative
terpecahkan;strongsubj;positive
terpelajar;strongsubj;positive
terpencil;strongsubj;negative
terpendam;weaksubj;negative
terpengaruh;weaksubj;positive
terpenting;weaksubj;positive
terpenuhi;strongsubj;positive
terperangkap;strongsubj;negative
terperanjat;strongsubj;negative
terpercaya;strongsubj;positive
terpesona;strongsubj;positive
terpuji;strongsubj;positive
terputus-putus;strongsubj;negative
terror;strongsubj;negative
terrorisme;strongsubj;negative
tersandung;strongsubj;negative
tersangka;strongsubj;negative
tersangkut;strongsubj;negative
tersayang;strongsubj;positive
tersedak;strongsubj;negative
tersedia;strongsubj;positive
terselesaikan;strongsubj;negative
terselubung;strongsubj;negative
tersembunyi ;strongsubj;negative
tersendat;strongsubj;negative
tersentak-sentak;strongsubj;negative
tersenyum;strongsubj;positive
terserang;strongsubj;negative
tersiksa;strongsubj;negative
tersinggung;strongsubj;negative
tersumbat;weaksubj;negative
tertagihnya;strongsubj;negative
tertahankan;weaksubj;positive
tertancap;strongsubj;negative
tertandingi;strongsubj;negative
tertarik;strongsubj;positive
tertawaan;strongsubj;negative
tertekan;strongsubj;negative
tertempa;strongsubj;negative
tertib;strongsubj;positive
tertindas;strongsubj;negative
tertinggal;strongsubj;negative
tertinggi;strongsubj;positive
tertipu;strongsubj;negative
tertutup;strongsubj;negative
terungkap;strongsubj;negative
terurai;weaksubj;negative
terus;strongsubj;positive
terutama;strongsubj;positive
tetap;weaksubj;positive
tiada bandingan;strongsubj;positive
tiada duanya;strongsubj;positive
tiba-tiba;weaksubj;negative
tikungan;strongsubj;negative
tikus;strongsubj;negative
timbunan;strongsubj;negative
timidness;strongsubj;negative
timpang;strongsubj;negative
tindas;strongsubj;negative
tinggal;strongsubj;negative
tinggi;strongsubj;positive
tinju;strongsubj;negative
tipis;weaksubj;positive
tipu;strongsubj;negative
tirani;strongsubj;negative
tkp;strongsubj;negative
tokai;strongsubj;negative
tokoh;weaksubj;positive
tolak;strongsubj;negative
tolol;strongsubj;negative
TOP;strongsubj;positive
topangan;weaksubj;negative
totaliter;weaksubj;negative
tragedi;strongsubj;negative
tragis;strongsubj;negative
traped;weaksubj;negative
trauma;strongsubj;negative
traumatis;strongsubj;negative
trendi;strongsubj;positive
tua;weaksubj;negative
tuduhan;strongsubj;negative
Tuhan;strongsubj;positive
tujuan;weaksubj;positive
tulang;weaksubj;positive
tuli;strongsubj;negative
tulus;strongsubj;positive
tumbang;strongsubj;negative
tumbuh;strongsubj;positive
tumpah;strongsubj;negative
tumpul;strongsubj;negative
tunggul;strongsubj;negative
tusukan;weaksubj;negative
tutup;weaksubj;negative
uap;strongsubj;negative
ugal-ugalan;strongsubj;negative
ulang;weaksubj;negative
ular ;strongsubj;negative
ultimatum;strongsubj;negative
ulung;weaksubj;positive
ummat;strongsubj;positive
umpan;weaksubj;negative
umpatan;strongsubj;negative
unggul;strongsubj;positive
unggulan;strongsubj;positive
unik;strongsubj;positive
untung;strongsubj;positive
untungnya;strongsubj;positive
usang;strongsubj;negative
usil;weaksubj;negative
utama;strongsubj;positive
utang;strongsubj;negative
utuh;strongsubj;positive
uye;weaksubj;positive
vagina;weaksubj;negative
variasi;strongsubj;positive
virus;strongsubj;negative
visioner;weaksubj;positive
volatil;strongsubj;negative
vulgar;strongsubj;negative
wabah;strongsubj;negative
wah;strongsubj;positive
wahyu;strongsubj;positive
wajar;weaksubj;positive
wanita;strongsubj;positive
waria;strongsubj;negative
warna-warni;weaksubj;positive
was-was;strongsubj;negative
waspada;strongsubj;positive
wastafel;strongsubj;negative
waswas;weaksubj;negative
whooa;weaksubj;positive
whooooa;weaksubj;positive
wkwk;weaksubj;negative
wkwkwk;weaksubj;negative
wkwkwkwk;weaksubj;negative
wow;strongsubj;positive
woy;strongsubj;negative
ya;strongsubj;positive
yahudi;strongsubj;negative
yailah;weaksubj;negative
yakin;strongsubj;positive
yatim;weaksubj;negative
yay;strongsubj;positive
yeah;strongsubj;positive
yihaa;strongsubj;positive
